ds,y,yhat,yhat_lower,yhat_upper
2013-12-30,11.0,69.1868993269365,32.75309292419054,105.40428660709561
2014-01-06,88.0,89.02527822024719,57.470780029751914,124.74223583259796
2014-01-13,120.0,103.69649926672437,67.41298493902244,136.74384838722304
2014-01-20,111.0,105.91273180233927,70.68736208452802,140.89815680834545
2014-01-27,138.0,100.85526257702055,67.18738956901011,133.54669792016662
2014-02-03,119.0,99.13014057313444,64.21979403969912,134.77889440781348
2014-02-10,118.0,105.3544303818162,69.56512837823661,139.80992478537053
2014-02-17,118.0,114.46298552121826,81.28989590989131,149.21771676994186
2014-02-24,104.0,118.34594658575614,84.31935324639775,150.84867464211112
2014-03-03,116.0,114.38586894264502,81.58723450709515,148.685649426335
2014-03-10,125.0,106.92746537595114,75.1946185547679,139.88877990767426
2014-03-17,103.0,101.70964865925886,67.14465481354235,136.31375023768942
2014-03-24,131.0,100.5260054065394,65.90490944626526,133.6493479525953
2014-03-31,116.0,101.35620597524061,64.9464042924385,134.40051179055328
2014-04-07,103.0,102.07281349207483,69.08457608244245,136.0978126535251
2014-04-14,79.0,102.63544954922757,68.8483104387336,134.49615022818492
2014-04-21,136.0,104.04459047798804,69.26461291382573,139.46284487927076
2014-04-28,128.0,106.6054146113656,71.82992663556054,140.3043545827469
2014-05-05,122.0,109.8545810146086,75.81518903338109,141.75233847773865
2014-05-12,89.0,113.3541044160113,79.45513211318021,145.88182546057513
2014-05-19,105.0,116.56017438600666,83.93390426946206,150.82088308159308
2014-05-26,119.0,118.20409212958003,84.64199813178804,153.80285180675685
2014-06-02,134.0,117.04583427263269,82.34338656921315,151.40861447901227
2014-06-09,118.0,113.78552594471776,78.36395714368628,145.91472575816672
2014-06-16,130.0,111.33426649172652,77.12457189316741,145.06446664584521
2014-06-23,120.0,112.0077258303713,79.45686553909596,145.7083119217461
2014-06-30,113.0,114.51562471732834,82.42174227046578,149.28640136281837
2014-07-07,119.0,114.94945655082961,80.31848063926118,149.046299774987
2014-07-14,106.0,111.50640537360597,78.77892941941253,144.5562212254462
2014-07-21,103.0,107.48211502303747,73.7252092088925,143.05084204756332
2014-07-28,112.0,108.2197789313183,72.42345159390476,141.24895083049083
2014-08-04,119.0,114.80448661602084,80.5396682043823,148.3856899311959
2014-08-11,104.0,121.8791263693495,85.59123987613539,155.29458879793222
2014-08-18,127.0,122.7772339542849,86.8521812196515,154.3154405329486
2014-08-25,112.0,116.59640191819369,82.4024437461949,149.52674413539614
2014-09-01,74.0,109.19728770594166,75.52626429705977,144.9058823528959
2014-09-08,146.0,106.97501199157111,73.78171025889516,138.4816446454345
2014-09-15,73.0,110.56943996496909,75.54556294223843,142.8057809884348
2014-09-22,114.0,115.42602419479394,78.9244543679718,149.59429751975975
2014-09-29,85.0,117.71156029993725,81.6812970950423,152.92748040615336
2014-10-06,112.0,117.97843720797525,85.49397281807886,149.78144490056027
2014-10-13,80.0,118.57703540905112,84.52350570664107,153.1741384846152
2014-10-20,91.0,119.19928862002342,87.02580196370813,154.04118173625886
2014-10-27,82.0,117.13824340023132,84.09967280172424,153.65135679173113
2014-11-03,84.0,112.01921476404581,79.63916319466335,145.2606295622758
2014-11-10,99.0,108.00645992061249,75.64842857015486,141.14942842943725
2014-11-17,62.0,109.19825205462958,75.52552948806185,144.62089051327158
2014-11-24,83.0,113.23976138584844,79.43029150991094,146.05024032763774
2014-12-01,74.0,111.99412851054115,77.55657055817535,145.3854351795484
2014-12-08,62.0,100.4137597703875,68.72138226742929,134.54115482643252
2014-12-15,61.0,84.12787963073478,50.60296669592531,114.93375813162798
2014-12-22,44.0,76.07986034530826,41.81487892657855,109.07300000335654
2014-12-29,110.0,84.31890430207676,48.88828828882258,119.95246666328727
2015-01-05,92.0,103.59315732759588,68.80837215509334,140.14183093782637
2015-01-12,54.0,120.0659159221637,85.18200248427733,155.2978617392637
2015-01-19,83.0,124.45781944851372,89.4373458650753,158.06292706940084
2015-01-26,53.0,119.91564071595465,85.66423316280178,156.20439165424432
2015-02-02,79.0,116.96779851637582,83.52030511847343,151.54430299130814
2015-02-09,82.0,121.90639148400007,88.28645131343768,154.91018856821358
2015-02-16,72.0,131.13946623768885,95.88688342952707,165.2025485348754
2015-02-23,80.0,136.37885105564638,103.52150419199573,168.16124581911416
2015-03-02,86.0,133.65288409189915,98.58096528327911,166.0960515897287
2015-03-09,66.0,126.34498226456424,89.36865505762431,161.6968433326467
2015-03-16,78.0,120.44880026749,85.4675503859301,154.11582087933132
2015-03-23,106.0,118.62553677998524,83.84595103363966,151.79794271849454
2015-03-30,121.0,119.29795268039146,85.16391617118475,153.48776150339225
2015-04-06,147.0,120.09918535301563,86.12299128903597,150.48760970539524
2015-04-13,147.0,120.61742169806433,87.86310450155827,155.82326379552927
2015-04-20,136.0,121.82081721924396,88.14129333066455,155.41749987153236
2015-04-27,157.0,124.19938842416494,92.32876280239631,157.7515714754862
2015-05-04,136.0,127.36455365139166,92.4271790311831,162.87836796678056
2015-05-11,152.0,130.84557733016894,94.76683695742415,164.99540658015724
2015-05-18,146.0,134.17449285811017,98.06457173217055,167.07795243886036
2015-05-25,159.0,136.2134575161519,102.03635722027995,171.75242995933897
2015-06-01,126.0,135.58159170804976,99.52344064828193,169.09630832589758
2015-06-08,148.0,132.52520303861942,102.14166710011591,167.30527998602722
2015-06-15,149.0,129.69082068968288,93.99795033444015,164.0249868903715
2015-06-22,126.0,129.77965254597638,96.12958209758472,163.0570768217217
2015-06-29,134.0,132.22244808742698,97.87175041908905,169.83633271837434
2015-07-06,162.0,133.2867261573043,100.57318937570247,166.30019802808204
2015-07-13,129.0,130.4382152114463,96.81553766965989,165.22778266315228
2015-07-20,144.0,126.1015905640258,87.71365828628798,159.9412795603557
2015-07-27,153.0,125.71519043221913,90.5822327110829,157.77856879308214
2015-08-03,167.0,131.49305937718066,96.80468373617205,163.75417148637493
2015-08-10,168.0,139.03743578970236,105.88415393673425,172.74007096983593
2015-08-17,157.0,141.33402209899722,107.20494812691862,175.2321673211723
2015-08-24,180.0,136.12942054184683,102.37723216458684,168.63939657042164
2015-08-31,163.0,128.38614238336606,95.33094843185363,162.35345896211803
2015-09-07,106.0,124.98627916005975,90.2797819927758,161.860603807752
2015-09-14,141.0,127.79121055058337,95.81234949005452,163.39576379561169
2015-09-21,158.0,132.80593772712345,97.94255799310616,168.3983269999584
2015-09-28,160.0,135.63550382573584,103.4806365480618,167.78087401103738
2015-10-05,136.0,136.07283079994392,100.10477042234638,169.78697738813537
2015-10-12,137.0,136.52316532146264,101.4035198437637,171.28000846035965
2015-10-19,145.0,137.3215297234459,104.37336094379712,170.8733437563376
2015-10-26,155.0,135.89886292652923,102.12344694508877,170.1462136973723
2015-11-02,170.0,131.1276840689352,94.93896311304708,162.22740576250476
2015-11-09,124.0,126.51489581467071,93.06457222683471,160.30278296228076
2015-11-16,149.0,126.71400995555783,94.71699814164319,160.39333787888825
2015-11-23,149.0,130.76172735421574,97.22140339630602,167.7226941490067
2015-11-30,139.0,131.06078015154154,97.37871368851081,164.48717848508576
2015-12-07,119.0,121.25067906072682,88.6653863760188,154.46564186006532
2015-12-14,82.0,104.92832969777203,72.50885748760429,138.84700068964023
2015-12-21,90.0,94.50587029733956,62.367388321110965,128.34897808103426
2016-01-04,134.0,118.04583490373483,81.90688273482986,150.6826232462971
2016-01-11,168.0,135.99958858349606,101.52682523700076,168.73670765538012
2016-01-18,136.0,142.6819219321665,107.72782756224944,177.60039429605263
2016-01-25,168.0,139.0246061659756,105.55773608740127,171.76006528277998
2016-02-01,134.0,135.0698745476337,100.02416393964718,166.35778134343732
2016-02-08,173.0,138.5905913573029,105.2515646046578,171.70386337376465
2016-02-15,169.0,147.6553725392872,115.71377692956244,180.81255778573052
2016-02-22,154.0,154.11483470845496,122.02124861312319,191.09152673451703
2016-02-29,147.0,152.74467220968967,118.43772636712038,185.24464397320236
2016-03-07,154.0,145.79498271410742,111.28873589184913,180.30445399173982
2016-03-14,154.0,139.30592405056902,106.66569149627533,172.33585255333026
2016-03-21,66.0,136.7804013934534,102.15188775176122,171.45285289948373
2016-03-28,182.0,137.2102069708678,104.31318660455229,170.50967243796208
2016-04-04,155.0,138.08414185904542,103.22494544986964,171.07324847136465
2016-04-11,175.0,138.59356206294663,104.51500284837701,172.60178923737357
2016-04-18,150.0,139.60639930551673,105.41797210377666,173.16970908703124
2016-04-25,159.0,141.78609643225568,108.78566999125024,175.5232351895213
2016-05-02,159.0,144.74688404442696,112.75275241332658,179.77416531669846
2016-05-09,264.0,148.09197840772921,113.95357350433027,182.72235978573215
2016-05-16,207.0,151.40145798028738,119.52282268537861,185.97063986180356
2016-05-23,163.0,153.68038619981044,117.69995127296085,186.45770307175238
2016-05-30,164.0,153.4746841401335,119.42387162087866,184.94453409028867
2016-06-06,144.0,150.60835898815938,116.21561489204754,184.2634734242399
2016-06-13,140.0,147.38233441622273,113.92598501870347,181.99827426427484
2016-06-20,164.0,146.76342539018606,113.2316074369986,181.45413199988528
2016-06-27,158.0,148.90372282167064,116.1719066050773,184.97124965037585
2016-07-04,162.0,150.40060711774396,116.37218347238354,184.10858025288937
2016-07-11,144.0,148.12436221147647,113.07098938495777,181.13251695270938
2016-07-18,141.0,143.5632955511995,107.28917816742583,178.2901770868584
2016-07-25,141.0,142.0295440296769,110.75911423538545,178.73783137529583
2016-08-01,152.0,146.74384311018298,110.97794434714919,179.44985070756036
2016-08-08,138.0,154.40722794473865,118.04992708709831,188.38395710948362
2016-08-15,158.0,157.91834311742747,123.30943000980179,191.3482657069251
2016-08-22,170.0,153.75985841160815,122.48333923789846,188.69043055400698
2016-08-29,159.0,145.80843796482753,109.97563555588764,179.09192224553797
2016-09-05,160.0,141.18796998190993,108.34137921704158,175.56252339799627
2016-09-12,108.0,142.95431816313095,110.30752194741308,178.94204566355828
2016-09-19,144.0,147.7582655801873,116.00343888634045,183.4720307059013
2016-09-26,158.0,150.91595451055272,114.61700485309069,186.93235427937051
2016-10-03,145.0,151.40080845099698,119.17080354913917,184.61658708660266
2016-10-10,146.0,151.50159729644363,116.22143087339792,185.84722412056078
2016-10-17,127.0,152.16550322961288,117.24412472644102,185.9826716529275
2016-10-24,139.0,151.11986670185598,119.70719110615146,185.172260296311
2016-10-31,138.0,146.60400142109907,114.26764638770833,180.17630698510894
2016-11-07,174.0,141.34613356822055,107.15453444839383,172.68090338384295
2016-11-14,147.0,140.3112125044902,108.60669535000041,173.4258135878653
2016-11-21,105.0,143.88459538632705,110.91872156188018,179.01511628259283
2016-11-28,132.0,145.28385524624412,111.57353105683006,179.4099644456393
2016-12-05,125.0,137.1486091261819,101.4986336531158,170.51667075700936
2016-12-12,90.0,121.00694905516116,88.53752591386845,153.29428813929724
2016-12-19,114.0,108.34144287576497,76.2815863899498,143.6362099586569
2016-12-26,115.0,110.41674715193659,78.6574882468232,145.42366686551486
2017-01-02,116.0,126.92761171648739,90.71032279557362,159.86832392107732
2017-01-09,142.0,145.76988873048876,114.33061263972878,179.40666555928135
2017-01-16,151.0,154.56859694225352,119.208746051267,188.22015603801003
2017-01-23,161.0,151.93812236124526,117.41875202063554,186.5446702556384
2017-01-30,162.0,147.03356152087056,112.92338023840489,181.03024672530756
2017-02-06,135.0,148.74880816315752,116.1152329698636,184.80133581848565
2017-02-13,166.0,157.04289564270243,121.39391166122209,192.33834075712485
2017-02-20,152.0,164.22801825773087,133.2372236599461,200.98537961537184
2017-02-27,134.0,163.98262606810496,127.91952801656552,196.9584153680899
2017-03-06,145.0,157.28821759241418,123.44229555999654,190.35926275010206
2017-03-13,181.0,150.008452162919,117.06229068379817,182.25509398596725
2017-03-20,124.0,146.42394003871885,112.51310887460441,181.4383217987155
2017-03-27,188.0,146.20669151432298,113.34895176723849,181.76594464798828
2017-04-03,142.0,146.81359982376497,113.75092459844024,177.10295166204008
2017-04-10,107.0,147.03332050736543,112.74499003412514,179.85343799490926
2017-04-17,148.0,147.56399691746174,115.01196748998717,184.48279600114552
2017-04-24,157.0,149.21831508312965,116.07400180638707,184.77422084472556
2017-05-01,127.0,151.85074764779398,117.7449858760757,185.4947531110564
2017-05-08,128.0,154.9420382688946,120.19351962626634,189.55155071006203
2017-05-15,166.0,158.09351838870822,122.95743520680466,192.2957925286903
2017-05-22,138.0,160.4536510593794,125.93825356760536,193.45737215143728
2017-05-29,156.0,160.5572699110784,126.5671534193608,194.64200337654722
2017-06-05,174.0,157.85253425480855,125.51302766410316,191.42552565802694
2017-06-12,166.0,154.23333180168703,118.17994919355665,190.14208941174064
2017-06-19,154.0,152.80730939261795,117.1156028999876,185.83023715255388
2017-06-26,152.0,154.32091573889468,120.32788611525797,186.55642412860288
2017-07-03,136.0,155.93280841497946,122.25292060526556,190.88365034866004
2017-07-10,139.0,154.07408040992934,118.29328980061686,190.54295683760657
2017-07-17,129.0,149.2714931295954,113.08637411460762,183.1279546443739
2017-07-24,143.0,146.50246176220145,111.71165517062089,180.70732081383395
2017-07-31,160.0,149.8355473970629,115.3281732058698,183.38636255285093
2017-08-07,164.0,157.1645566678408,122.71238385779947,191.44495840844002
2017-08-14,174.0,161.5619162053334,127.82549005184904,194.86399052566722
2017-08-21,155.0,158.3814025600967,125.028458107154,193.5708601811434
2017-08-28,130.0,150.26686600058702,115.21996377225061,182.75709943112807
2017-09-04,142.0,144.3252794522775,111.75828437342135,178.92670307728537
2017-09-11,142.0,144.73034665546484,109.51377052789854,178.306422555182
2017-09-18,167.0,149.17006165531046,114.84957448811107,181.77016313425798
2017-09-25,135.0,152.6408460169696,120.04759203727306,186.97433069836725
2017-10-02,180.0,153.27708123550605,121.57555354527832,188.36276462316647
2017-10-09,145.0,153.08044829218622,119.68035802942907,185.4475886597689
2017-10-16,171.0,153.5413313057589,120.55720467852693,185.72183192185656
2017-10-23,155.0,152.8193142682726,120.6682763632852,186.20760960076458
2017-10-30,119.0,148.66800785204657,115.49367740936766,185.44466482816804
2017-11-06,141.0,142.96050891570349,108.68706693654505,175.64087335801608
2017-11-13,139.0,140.63823218896678,105.43803797622799,176.27624930731744
2017-11-20,134.0,143.42699948140086,109.368222356508,176.95389492631898
2017-11-27,134.0,145.5881505432852,112.10666796066688,178.92020681464442
2017-12-04,149.0,139.09698628000527,104.11052856249093,172.42675652393166
2017-12-11,134.0,123.4570184349437,88.74076366175512,156.80664554433034
2017-12-18,109.0,108.86655081317784,76.18173088667945,141.33186399691905
2017-12-25,112.0,107.62100054286546,74.6401309332839,143.0183101016495
2018-01-01,123.0,121.91849082879253,88.10132355464175,157.75480593233127
2018-01-08,155.0,141.14550760130732,107.9941410434795,174.75424495088242
2018-01-15,130.0,151.94276174783644,119.13000723432248,186.37744816152173
2018-01-22,137.0,150.5881356915467,116.72092024187572,182.42362840734913
2018-01-29,123.0,144.97185185080428,111.29143274127357,179.05066618363367
2018-02-05,130.0,144.9999853640556,111.99839695848168,180.8305468536757
2018-02-12,174.0,152.37947374755777,117.43445654139846,188.393203379141
2018-02-19,144.0,160.1997580770865,126.03105496198812,196.63638989236088
2018-02-26,160.0,161.24709928584608,127.90592715548203,191.53123684239503
2018-03-05,155.0,155.14322273460786,121.27546578822232,189.29737638846257
2018-03-12,168.0,147.34622588411062,113.39325384180727,180.88922569685099
2018-03-19,138.0,142.81268649873266,109.08062768192742,176.93686497342924
2018-03-26,103.0,141.9849469443936,107.22742930620772,175.5981534247826
2018-04-02,149.0,142.34369978379618,108.17671135821315,175.86050141880702
2018-04-09,153.0,142.3605933569564,110.11976438314224,178.6182726814709
2018-04-16,175.0,142.4967248059718,107.2361189174822,173.8907120591163
2018-04-23,160.0,143.67725907846042,108.2166268658476,177.27263789436634
2018-04-30,122.0,145.91778273989357,112.89251947312002,179.87901141262546
2018-05-07,126.0,148.69947345913184,116.00284729923905,181.51908169555165
2018-05-14,183.0,151.62159681538756,117.63444106572143,187.36711585395616
2018-05-21,153.0,153.96631886724472,120.20852521326833,189.60122717542475
2018-05-28,170.0,154.3111871230956,119.88596529778815,187.52202688659077
2018-06-04,144.0,151.78646755065978,117.41287232414025,184.71413430583374
2018-06-11,143.0,147.83866030675716,109.2683748623096,179.5542076770743
2018-06-18,138.0,145.59230816511453,110.10197529240793,179.1620505793534
2018-06-25,137.0,146.52526161117274,112.83110116745284,179.51862930451026
2018-07-02,151.0,148.272746899554,111.49043599378481,181.2084057742089
2018-07-09,148.0,146.99586491850775,111.32002309304791,179.7638112610937
2018-07-16,134.0,142.2757773895129,107.98749910422772,175.47932601215246
2018-07-23,155.0,138.56663992286113,105.70565253465864,172.33126439617158
2018-07-30,139.0,140.59664948405188,105.3399609910507,173.19243473239533
2018-08-06,150.0,147.4979022054547,112.58389378261303,182.30478018491462
2018-08-13,171.0,152.76711907706525,117.65222776954298,185.6681720575045
2018-08-20,158.0,150.77159414870897,117.70842067603238,184.07981883562192
2018-08-27,159.0,142.85722249334995,109.29211378114796,177.11572020275162
2018-09-03,148.0,135.85227153136503,101.84130107281871,167.44441119425795
2018-09-10,151.0,134.92433036908494,103.12895638597311,169.72131737600003
2018-09-17,162.0,138.82611682350324,106.75502316111464,170.9264534929438
2018-09-24,156.0,142.55257553955323,108.54773582360158,177.05389651273256
2018-10-01,133.0,143.42212198200107,108.05058336014369,177.87865141112525
2018-10-08,169.0,142.98860621323212,111.1240358565643,177.66805539554153
2018-10-15,139.0,143.1823824786086,108.76851055212445,175.43151159327846
2018-10-22,145.0,142.70150455740313,108.52418439759602,177.74656608352655
2018-10-29,129.0,138.98072921214577,104.72982520270293,176.3007504894584
2018-11-05,143.0,133.00830314120466,101.24821883838446,167.66512512702604
2018-11-12,156.0,129.6484679930067,97.78491856191631,163.57691485125522
2018-11-19,115.0,131.6393617201481,98.03516495733437,165.9269360251251
2018-11-26,121.0,134.4610227798844,97.59441436457516,167.0992428552037
2018-12-03,149.0,129.77227053870706,96.87613372075141,163.51968185122973
2018-12-10,123.0,115.16921124908487,81.91758585737965,145.28273935523413
2018-12-17,123.0,99.26723846931007,66.94287448715917,133.65580975752158
2018-12-24,100.0,94.96385898631209,60.33040255483488,127.85810240414936
2018-12-31,100.0,106.86383574260253,74.38827028228515,144.0915357145645
2019-01-07,148.0,126.19410907276999,91.93404425867286,162.15170589573415
2019-01-14,146.0,139.04736228722462,103.38778692163059,173.99386780260454
2019-01-21,160.0,139.4311262042221,106.48862112272764,173.1861545020346
2019-01-28,154.0,133.6312148274094,100.21123817005378,168.3409428077903
2019-02-04,149.0,132.10684229588324,99.96434902512509,165.37885936682383
2019-02-11,161.0,138.40545341994405,103.04091677952901,172.0021186213649
2019-02-18,173.0,146.68934933224526,111.24075925591235,180.11020210712687
2019-02-25,166.0,149.1009140980141,116.13922091573353,182.91642301430764
2019-03-04,167.0,143.8608356016942,110.73698273376905,178.49556700350402
2019-03-11,156.0,135.79592353437585,102.57517375217016,167.90755921966493
2019-03-18,138.0,130.40133859399936,97.61050357449474,163.1878605319309
2019-03-25,150.0,128.95307251954316,93.4162714363802,162.3655515887564
2019-04-01,152.0,129.22906264890733,95.51922099016129,163.88322619041233
2019-04-08,158.0,129.28277386434263,95.15060734617127,163.59700074915145
2019-04-15,125.0,129.27746656025732,93.22316677016171,162.91551441792373
2019-04-22,159.0,130.2024613114525,95.60501872080583,164.2912033913385
2019-04-29,155.0,132.25166382903794,100.70170537397549,167.27115370631762
2019-05-06,158.0,134.93209240605842,100.51421210104616,171.12412000371663
2019-05-13,158.0,137.82321077221917,104.72806393415222,172.8863413380993
2019-05-20,171.0,140.32293563046994,107.2528681391586,176.8649569426806
2019-05-27,166.0,141.0944748806577,107.90878366352818,177.18434510143652
2019-06-03,155.0,139.0163235316961,106.98867958941862,171.91932214472814
2019-06-10,167.0,135.06871382908932,102.44565522132064,167.21227445958738
2019-06-17,168.0,132.2753534050444,98.58372844663525,164.15737156539117
2019-06-24,158.0,132.66719133696006,98.31780845490765,165.216566995132
2019-07-01,156.0,134.53454706812488,100.47124073126712,168.2987154668363
2019-07-08,165.0,133.94305604526173,99.02456260243336,166.92660536480113
2019-07-15,149.0,129.58312714389675,95.80049275694479,161.41450764225058
2019-07-22,142.0,125.22460722955785,91.35282150876522,158.74359856753972
2019-07-29,169.0,126.04616165844236,91.37150876046714,156.7096303656362
2019-08-05,152.0,132.41429412410264,98.73755611639588,168.34266177337014
2019-08-12,149.0,138.4803431647864,104.98573553845651,172.22487767378246
2019-08-19,152.0,137.90775637954468,104.66865991183496,171.56887530509394
2019-08-26,163.0,130.625133032669,96.91279697438846,162.79709663717958
2019-09-02,136.0,122.92782832386187,91.86207362944327,157.76540612628628
2019-09-09,169.0,120.81043008620597,85.97519186494794,155.42536911857098
2019-09-16,128.0,124.18767736564602,87.60950635360142,158.38644356915162
2019-09-23,156.0,128.27061901166763,93.73990174406941,160.65850319146975
2019-09-30,152.0,129.6274909120662,93.35888665937334,163.34542993378747
2019-10-07,152.0,129.2221690771673,96.02726154196348,164.30138384028703
2019-10-14,151.0,129.29298500386807,95.55315718438776,162.8827250070198
2019-10-21,156.0,129.1477308056675,95.71787726574661,164.61680990465464
2019-10-28,154.0,126.07918010888274,91.90573081409558,161.12558643828342
2019-11-04,152.0,120.20731291210517,88.19613338452011,156.39404305440692
2019-11-11,158.0,116.01537670576579,82.76735440847557,152.52478140683192
2019-11-18,144.0,117.1561731311754,81.33356081771934,149.77786427813217
2019-11-25,173.0,120.44422305786264,86.74159404944643,152.50514280904775
2019-12-02,165.0,117.56664908961845,81.57878900839887,149.91390626912937
2019-12-09,162.0,104.39655823291896,69.57179047746645,137.13214020450704
2019-12-16,115.0,87.73384157084521,52.7874657331756,120.73833018774711
2019-12-23,91.0,80.6365761663386,49.23439213637246,114.68354264739796
2019-12-30,86.0,89.93624346839955,57.797194176567366,121.66451688630787
2020-01-06,158.0,108.99438207731434,78.85234227707247,142.69973565652862
2020-01-13,164.0,123.80719853107055,90.27490558918755,156.42223147815508
2020-01-20,182.0,126.26202785871709,90.10099719247987,156.4911670406127
2020-01-27,149.0,120.75270415678412,85.83210254375176,156.03462804778704
2020-02-03,119.0,117.90308405477901,83.98529609345316,152.17655589047814
2020-02-10,169.0,123.01922287434967,90.97483690813458,158.35727973925702
2020-02-17,166.0,131.59931180573898,95.10667026983586,165.16027476637544
2020-02-24,168.0,135.42499558432897,102.38460959673954,168.9887407300237
2020-03-02,155.0,131.32850285078618,97.93276824634763,164.75936387659218
2020-03-09,171.0,123.29267771714572,87.90994597632994,157.50399747238578
2020-03-16,134.0,117.18204059983192,80.29944079167427,151.71892329355956
2020-03-23,88.0,115.13792911199708,80.17373707253562,147.87803345278667
2020-03-30,74.0,115.3014660116644,80.91065070082877,149.24648055709483
2020-04-06,54.0,115.43928422874625,82.34917482877741,149.6497590252072
2020-04-13,49.0,115.36661352315379,79.15678292782982,148.895589128104
2020-04-20,51.0,116.07888935532944,81.77665086656775,150.2569937928701
2020-04-27,40.0,117.95579379338518,83.83048173584939,151.46164415712158
2020-05-04,52.0,120.56003264435063,85.32734980176525,156.4140555937063
2020-05-11,48.0,123.44073226231906,89.75350927473069,156.77909508437725
2020-05-18,47.0,126.08771029892401,92.50068757588757,161.00840592786685
2020-05-25,66.0,127.28238769552297,92.48291716735514,160.12433571769694
2020-06-01,44.0,125.72005735489476,92.63940220604965,160.20975288648143
2020-06-08,53.0,121.91661875163443,88.66468273909673,154.57781070827184
2020-06-15,38.0,118.68822862813168,84.47437088784989,151.6255101771269
2020-06-22,43.0,118.51861373600218,83.37889666801252,154.81265482762902
2020-06-29,47.0,120.40387044221502,88.06509026316307,157.52202989563787
2020-07-06,61.0,120.48642827125104,86.047923770221,152.85950736759764
2020-07-13,38.0,116.65614937358443,79.78396857093126,147.19314598207075
2020-07-20,57.0,112.12549792568663,76.33151391800656,146.98577338084394
2020-07-27,66.0,112.04790940014085,78.19179327730973,146.03529621821502
2020-08-03,61.0,117.97212177078747,85.95087453382943,152.53216728183736
2020-08-10,43.0,124.90530300363135,92.8449253906587,159.6111796837663
2020-08-17,63.0,126.01100484366087,92.66333996813704,161.38798737886123
2020-08-24,82.0,119.83922200418002,86.78973780048432,153.45807088030068
2020-08-31,62.0,111.91618029235424,79.21787781849604,144.6068077491249
2020-09-07,63.0,108.85992457296982,77.39100981499058,143.454829062497
2020-09-14,52.0,111.7989630014097,77.97291688640566,144.85242892409303
2020-09-21,66.0,116.37776229425758,80.98215362307333,151.1827502055035
2020-09-28,63.0,118.52090435394659,83.30147253271466,154.33574026854347
2020-10-05,81.0,118.48663879430798,84.83080472482156,151.5448483924362
2020-10-12,83.0,118.66751822945795,84.81798702963056,150.02126283077348
2020-10-19,94.0,119.01389069292094,85.76172640364088,152.81396876747064
2020-10-26,103.0,116.85381791091606,84.03602782762835,150.04278540780115
2020-11-02,76.0,111.49925543464389,81.03747975070496,147.05008789365135
2020-11-09,85.0,106.8688030837175,72.27362352529484,140.08594959945347
2020-11-16,89.0,107.31154926120783,71.56927756758536,141.7089935955105
2020-11-23,88.0,111.0306511022769,78.3154046575585,142.71995509458523
2020-11-30,72.0,110.06947991612304,77.62236824071049,143.682443225404
2020-12-07,79.0,99.08318034484773,67.47253908331061,132.08865648808353
2020-12-14,80.0,82.63422992332274,48.02218177109145,115.30765284229223
2020-12-21,53.0,73.50352328265541,37.798050879999394,105.14702693530786
2020-12-28,42.0,80.49348575851579,48.60503028657672,113.25565018639469
2021-01-04,65.0,99.31076621070514,65.07604066315751,132.33154401323762
2021-01-11,76.0,116.32254211299656,81.07483470924689,150.03123983768967
2021-01-18,76.0,121.5255895728258,88.59163933507683,154.6312107300672
2021-01-25,72.0,117.19811643236645,82.1967981306408,149.98421633679686
2021-02-01,62.0,113.72302059816937,79.17366113823279,149.58529778461687
2021-02-08,71.0,118.01173305565932,81.17635570546356,148.9370162322745
2021-02-15,73.0,127.11719416190844,91.68836829366863,161.27630164937472
2021-02-22,96.0,132.76809511660238,102.23889428223498,167.30956732081265
2021-03-01,107.0,130.47644692360078,95.21155238347295,164.93347536577286
2021-03-08,95.0,123.19110458488632,89.62043903641306,156.0266334187182
2021-03-15,100.0,116.95032367909147,85.20104001512532,152.28447278861026
2021-03-22,106.0,114.75721572021203,82.27471371902553,146.27784934401473
2021-03-29,78.0,115.24772121173409,81.47753650665862,148.59236586681726
2021-04-05,116.0,115.98478024748174,80.37141091314928,150.76226034589862
2021-04-12,140.0,116.39985989898183,83.8009807286816,149.50217629158826
2021-04-19,117.0,117.42935273735762,85.64351266761015,152.3920944663143
2021-04-26,118.0,119.63473437751779,85.93417590152586,153.96464662920687
2021-05-03,109.0,122.6663166860024,86.06890572353349,156.38601202324514
2021-05-10,111.0,126.04057551467696,91.82672955016446,160.36326779379786
2021-05-17,124.0,129.31210010487493,97.24299566194406,161.21783984018333
2021-05-24,137.0,131.39943448105538,95.65980956430955,164.13224410211282
2021-05-31,106.0,130.88454201413194,97.35751158019208,163.32975790048073
2021-06-07,143.0,127.84012035226148,93.90575169191382,161.34237303890222
2021-06-14,132.0,124.78312844402181,90.28834594831365,159.72705373125353
2021-06-21,146.0,124.53580922370483,89.14493172322726,158.11312454957286
2021-06-28,126.0,126.81914176438362,94.96187498595317,162.1109451119623
2021-07-05,134.0,128.01510185244769,95.23024430902417,162.16721925804916
2021-07-12,167.0,125.33362789056056,89.28048130968034,161.04734359252197
2021-07-19,131.0,120.8306476782099,86.48777348196097,154.8475358160534
2021-07-26,110.0,119.9198693243943,88.40971984881497,154.92123206618356
2021-08-02,134.0,125.23488320148329,91.65135069019694,160.07575206688043
2021-08-09,127.0,132.80316907824428,99.12360873930109,165.68595098102304
2021-08-16,117.0,135.5440736279933,103.03831110400233,168.8383715743379
2021-08-23,117.0,130.68538926711815,96.49703198191797,167.07869114782935
2021-08-30,102.0,122.77568795943245,90.12263962880573,158.54731450228954
2021-09-06,116.0,118.82418767534193,82.93659497589337,153.3374189562537
2021-09-13,91.0,121.17611029803922,87.63785285263059,154.07166970111038
2021-09-20,142.0,126.11647758738512,92.74592412965657,159.80832610656753
2021-09-27,129.0,129.06952324842587,94.24878490048003,164.31005718999072
2021-10-04,162.0,129.50537722692837,96.15578164368557,162.8473384219109
2021-10-11,137.0,129.80342211829858,95.52063672406607,165.3528539260051
2021-10-18,147.0,130.5494473562558,96.26713037142417,165.74774068220086
2021-10-25,159.0,129.2750284781207,93.997408966562,162.78930560975516
2021-11-01,107.0,124.5833086529553,87.85906465128102,159.1989602963933
2021-11-08,142.0,119.68183434725694,85.91711118054295,153.6029367750433
2021-11-15,147.0,119.37825457841636,84.40116196763826,153.54013789921171
2021-11-22,148.0,123.25711657566556,89.18421206640052,155.71552578818
2021-11-29,152.0,124.01645354197599,92.53384307538711,160.3290263756044
2021-12-06,160.0,114.85734164390016,79.65711639133795,147.97175311996085
2021-12-13,126.0,98.54830664994088,66.54509696175161,134.72335621239455
2021-12-20,101.0,87.17531775536482,54.90818708544863,122.81108167062435
2021-12-27,71.0,91.19029437138784,54.79387190388652,124.86573977812257
2022-01-03,130.0,108.77580196087233,73.60222356401826,142.12065024919866
2022-01-10,139.0,127.12459397448218,91.09587616276885,160.83668783183782
2022-01-17,134.0,134.64437340385717,100.92615985605252,167.6079984946642
2022-01-24,122.0,131.3476630867072,99.66808064625495,161.54744221426665
2022-01-31,137.0,126.96900164346762,92.43339703495111,162.30633846487092
2022-02-07,109.0,129.8046878567174,97.52877949198466,162.36703624054488
2022-02-14,167.0,138.62695768730342,103.51973151707026,171.67413080712262
2022-02-21,148.0,145.43243208716285,108.42699063280381,177.85695748203622
2022-02-28,167.0,144.5363609801283,111.00812569807994,178.7496919266945
2022-03-07,141.0,137.69531579963018,104.43126676312536,172.94187484279794
2022-03-14,163.0,130.90615874917893,95.92261455397856,164.24599632544167
2022-03-21,135.0,127.9926969422649,95.98196875924161,161.78989199071717
2022-03-28,153.0,128.20651088546217,95.62290743411302,161.46922000300157
2022-04-04,146.0,129.00930501937637,94.11591443939498,162.63557558091276
2022-04-11,95.0,129.43088406330554,96.52909140665149,162.7571604068964
2022-04-18,156.0,130.27957492438105,97.64609333709032,165.84800006421864
2022-04-25,146.0,132.2821373891906,100.85772275737993,168.7527169585656
2022-05-02,157.0,135.20787144663987,100.83738422965187,169.24667462430907
2022-05-09,123.0,138.54687180056666,105.92973388752092,174.07794488744614
2022-05-16,152.0,141.89079075932935,108.37591760756376,172.4387138744845
2022-05-23,174.0,144.30260035654206,109.96800398243742,180.39345758884352
2022-05-30,160.0,144.3167434355501,111.11710794273986,179.0125777260647
2022-06-06,151.0,141.6005879469312,105.97988805643485,176.94765523073553
2022-06-13,169.0,138.29845577576958,107.39342812548774,171.8621731940116
2022-06-20,132.0,137.4414820015016,104.51932043890311,171.2743567111441
2022-06-27,170.0,139.4706249068379,104.52447188786664,172.84112472454078
2022-07-04,155.0,141.1540730648221,104.41705884151088,173.3604683242419
2022-07-11,155.0,139.16679016505526,106.41100447751093,172.79579273237403
2022-07-18,136.0,134.61314185196562,101.17115929022842,170.92974107333214
2022-07-25,152.0,132.6954732701599,96.5751125536219,165.29241980475703
2022-08-01,143.0,136.99453229716923,105.66663754626556,170.6428179258756
2022-08-08,133.0,144.6798541159998,110.16549884510098,179.747160197958
2022-08-15,150.0,148.68864462161014,113.69848386809633,180.13691555739493
2022-08-22,150.0,145.03329212660321,111.81919261347288,180.14468446471037
2022-08-29,126.0,137.11246688932135,102.63873521080568,167.54948350459605
2022-09-05,151.0,132.07474742030058,98.25174980732636,165.4609306919538
2022-09-12,96.0,133.43505462824726,103.00692244072368,166.53396728438565
2022-09-19,129.0,138.3063093894921,103.09187560561666,172.857639300626
2022-09-26,141.0,141.78670437333767,106.7004266477164,173.6854669954442
2022-10-03,141.0,142.5140309480266,109.40056574117816,177.5793395784604
2022-10-10,149.0,142.6823465320407,108.33451067645039,176.19443282268315
2022-10-17,144.0,143.46641249003795,106.19605546806332,178.94880541256146
2022-10-24,154.0,142.75168440321028,107.85621313081653,178.9986244147695
2022-10-31,144.0,138.56420891776582,103.09551489888763,170.01914140581192
2022-11-07,152.0,133.29654369579004,98.84308849094487,166.5271098577563
2022-11-14,136.0,131.96956414513994,98.1740591741968,165.7440406327121
2022-11-21,124.0,135.48342285593108,101.8060052660335,168.844395226515
2022-11-28,145.0,137.44860632779879,103.41560919406554,170.54697282099974
2022-12-05,145.0,130.19766353206091,97.99217042318,166.7429194571942
2022-12-12,114.0,114.43940663363014,79.3614249605495,146.43094236486027
2022-12-19,112.0,101.18237649002049,65.49113386594288,135.38827044795664
2022-12-26,110.0,102.15346493889237,68.90069736424554,137.56538842265851
2023-01-02,129.0,118.05484285714628,84.78641259852397,151.2839189536793
2023-01-09,148.0,137.33268474579518,102.32059424152729,169.68755880387235
2023-01-16,150.0,147.16848728960755,113.0211421826991,180.21041803375272
2023-01-23,147.0,145.23956411241147,112.42881025266058,179.55365556005938
2023-01-30,154.0,140.23857652471705,106.71387539766135,172.2719586886623
2023-02-06,171.0,141.56576137625837,109.7725154564359,176.09585950561757
2023-02-13,158.0,149.81464608002406,112.7000394426696,183.7870597017375
2023-02-20,191.0,157.5712786029707,125.22726400991462,192.43675457270658
2023-02-27,151.0,158.13003802204113,124.83326344474592,193.47623424979628
2023-03-06,154.0,151.93677072822055,117.99791572126317,185.65661626029782
2023-03-13,131.0,144.72042778701265,113.59076793181148,178.6691951790839
2023-03-20,161.0,141.04627671105274,108.26637034257769,174.8521984059909
2023-03-27,146.0,140.76752455336137,108.52184162155355,174.08243013470573
2023-04-03,113.0,141.48039818852087,105.39775705137082,172.52482651533313
2023-04-10,145.0,141.81563304735155,108.2988653785915,175.15241926911227
2023-04-17,160.0,142.384356705227,109.4330473564915,173.56704683376861
2023-04-24,139.0,144.0493376490851,110.32832858613605,179.97739903356376
2023-05-01,147.0,146.72689287470607,111.75318644314633,181.04224772674254
2023-05-08,134.0,149.89526107757393,115.63379708849793,177.37244275672856
2023-05-15,165.0,153.15747550696256,118.29669171638103,185.9468412620319
2023-05-22,170.0,155.7171549480229,121.8932131689965,189.4300859267069
2023-05-29,156.0,156.12030599901354,124.04093763223109,189.6197711299006
2023-06-05,182.0,153.680456658047,121.18131215378219,186.97648636944479
2023-06-12,193.0,150.11617666099474,115.64738684768284,182.82237172393496
2023-06-19,154.0,148.55651131783196,114.07741597067809,186.02942426610647
2023-06-26,156.0,150.10708346757173,114.1812738085739,182.0620339369079
2023-07-03,184.0,152.0472275699329,117.94544021374851,188.764434134171
2023-07-10,177.0,150.6792655770886,117.87131334607909,185.33982422298567
2023-07-17,171.0,146.14756555189857,111.58245519550009,181.19043184941953
2023-07-24,157.0,143.24147271582612,111.19161218051428,177.00490454643418
2023-07-31,161.0,146.3173563026847,113.22752683293285,184.48414603390992
2023-08-07,178.0,153.76164406755976,118.95517174707201,186.33335466594383
2023-08-14,180.0,158.6600565325034,124.77293981234585,192.43288720933188
2023-08-21,185.0,156.0896319387815,122.98480567744197,191.34127913947634
2023-08-28,183.0,148.17026457298522,114.44240145886081,182.40087148459742
2023-09-04,165.0,141.928673513198,108.92611588389441,175.2927345222762
2023-09-11,178.0,141.95351491920138,109.01341375807793,176.63917491862395
2023-09-18,201.0,146.3442763519177,112.8303475502554,182.67104839952054
2023-09-25,181.0,150.07107233540236,117.14417121100108,184.68446188393628
2023-10-02,193.0,150.93671679446015,120.05220264473324,187.41250290812044
2023-10-09,170.0,150.78219428910114,116.34540176243802,185.7111092813336
2023-10-16,189.0,151.28801628886166,116.97508185150377,186.6325909058298
2023-10-23,163.0,150.81826450253945,117.94363328230436,184.16698908608484
2023-10-30,103.0,146.97821066521863,116.65228178490622,182.34018361275577
2023-11-06,157.0,141.28795102861633,106.11697822577295,176.910623560082
2023-11-13,157.0,138.73939149104658,105.13930866266813,170.89413068349742
2023-11-20,117.0,141.42926716331968,107.82361190877621,177.8540248199535
2023-11-27,156.0,144.0886305569852,113.6004272268835,178.5062472010918
2023-12-04,172.0,138.5243027792817,105.11254655936422,174.45638191189263
2023-12-11,116.0,123.45882860544799,90.43031155379688,155.33751883499616
2023-12-18,104.0,108.489682143225,71.2724055862478,143.01081000448494
2023-12-25,99.0,106.2056483121396,70.16111828705253,137.88682068260633
2024-01-01,113.0,119.78390148511994,85.16462866084129,154.76168846846647
2024-01-08,159.0,139.30928139925726,106.29540766982618,171.73007746221964
2024-01-15,144.0,151.14841232485855,115.8594805255751,184.25197117070348
2024-01-22,147.0,150.65832983760623,118.07210840625159,188.10936186346154
2024-01-29,170.0,145.12561860227487,108.9323046354316,175.5115688504368
2024-02-05,142.0,144.7225227154674,111.45613282625271,179.4599835931563
2024-02-12,171.0,151.89736176696448,117.31427451812569,185.0440040491107
2024-02-19,148.0,160.13479897310967,122.41592328215395,197.41941182652926
2024-02-26,178.0,161.93158765289482,127.75281914582861,195.85464710604987
2024-03-04,190.0,156.35104104407944,121.71112110282866,189.7685738235492
2024-03-11,165.0,148.6253162911934,115.29437152725784,184.0000185726231
2024-03-18,147.0,143.94479686767437,111.0524776240294,178.44882495872065
2024-03-25,127.0,143.0793609616117,107.70081849444074,176.85725355778126
2024-04-01,123.0,143.65423685638007,108.59168262792247,179.16237994392966
2024-04-08,151.0,143.92593787028585,112.53810118263729,176.36418933533267
2024-04-15,166.0,144.24321864784233,108.16292498464381,179.80523743680055
2024-04-22,152.0,145.56329916107808,111.27954518506765,178.00749272675043
2024-04-29,124.0,147.9715300811401,117.54563131785973,184.6264973487046
2024-05-06,167.0,150.95607945868863,119.05277295067626,185.65401898831072
2024-05-13,159.0,154.1100474585944,121.60304506080193,187.8200361651185
2024-05-20,165.0,156.76444135192168,122.22029977084199,191.58070166998405
2024-05-27,160.0,157.52668139507125,124.22343126618625,190.80797108692036
2024-06-03,116.0,155.4179638280447,120.09295380033684,189.7572663096553
2024-06-10,161.0,151.69935606441146,117.89963640823356,182.67399984498186
2024-06-17,147.0,149.46867815589326,117.53385165872352,182.5793258589746
2024-06-24,142.0,150.43594123111447,117.41604198546673,185.3986727768539
2024-07-01,150.0,152.49032716361572,116.57663527851706,184.71984738511225
2024-07-08,138.0,151.73376660754408,118.1999052980761,187.3479801494352
2024-07-15,146.0,147.38246296292527,116.20938153839519,183.75710653158038
2024-07-22,125.0,143.6344211103485,108.16574008161078,177.3056233847523
2024-07-29,125.0,145.42400146139576,111.54277463398184,177.42604372979696
2024-08-05,158.0,152.3802799371431,119.78623724277693,186.11295912877824
2024-08-12,167.0,158.23562858280937,123.1361260834911,192.83395961472434
2024-08-19,126.0,157.0696297154146,122.36155580093079,192.53168049497387
2024-08-26,131.0,149.643208497119,117.26910760922037,185.75154273951324
2024-09-02,142.0,142.60119242279163,108.64045149985435,174.49108744933912
2024-09-09,152.0,141.4642087619616,107.41165390566555,176.13481057783326
2024-09-16,115.0,145.44056250403304,110.51897451384322,180.11374849974948
2024-09-23,162.0,149.58532301126226,115.33541636466182,181.76236488414065
2024-09-30,139.0,150.90659205850406,116.77465838031694,184.327708604293
2024-10-07,142.0,150.73796909095879,116.69608796151351,184.83224767759324
2024-10-14,149.0,151.15022806572702,115.01819694513559,184.61243103707483
2024-10-21,150.0,151.078861735652,116.73398583667147,184.3605197460396
2024-10-28,154.0,147.8803708738883,113.01236408037153,180.48577128257259
2024-11-04,143.0,142.1911783280804,109.2053109746519,173.3651878890984
2024-11-11,140.0,138.74726387978353,103.88636210359718,172.60626484045986
2024-11-18,115.0,140.67712839460222,107.06952142186636,176.00022693241885
2024-11-25,146.0,143.9841341786123,109.79421807685617,178.13647511399836
2024-12-02,146.0,140.2976911052543,105.59156560851315,174.36534071766533
2024-12-09,134.0,126.4990969616071,91.49679762045292,158.0770879121263
2024-12-16,100.0,110.50148149845043,76.11461106914152,146.29064337341825
2024-12-23,59.0,105.31972224530715,73.4709037080721,142.97429076048198
2024-12-30,87.0,116.47530444560657,80.86228604294988,152.1029295099846
2025-01-06,127.0,136.02013631762,102.34476779376364,170.48048686792887
2025-01-13,161.0,149.95090177316413,115.55763114613555,182.92870125644828
2025-01-20,130.0,151.40444795740044,117.85553500520884,187.60309372663454
2025-01-27,151.0,145.9409710751838,114.67223241383802,181.29486280953248
2025-02-03,138.0,144.13345389430123,109.20233471002294,175.3842227101493
2025-02-10,166.0,150.24666559761312,119.54801498757925,186.15477067941674
2025-02-17,162.0,158.94792702273963,124.00431567631122,193.44433215264974
2025-02-24,152.0,162.19972505631148,129.94222502709368,195.54822311685675
2025-03-03,145.0,157.662754266164,124.54669957799362,191.42699056173652
2025-03-10,163.0,149.8507022644486,118.66610876071475,184.32765380103834
2025-03-17,125.0,144.42839735221978,108.96585999953612,178.41587125894497
2025-03-24,167.0,143.01607355010972,111.38903293945827,175.80789431368385
2025-03-31,140.0,143.5207307111159,109.2962250355378,176.15444602790052
2025-04-07,142.0,143.8724728978593,108.10867202708391,178.0066140726726
2025-04-14,117.0,144.10064396926305,113.66244245019264,178.51730307974753
2025-04-21,131.0,145.204439753688,110.60315898957197,175.306943186314
2025-04-28,136.0,147.45179113003164,114.23367400822191,180.6380529361586
2025-05-05,129.0,150.36823656689677,116.93661937958969,184.22346637347448
2025-05-12,148.0,153.52192464546604,122.1933150883734,186.94116133417089
2025-05-19,165.0,156.3506384347384,124.25614894832191,189.11866137217507
2025-05-26,143.0,157.56202755061702,125.31498246111597,189.14538355101
2025-06-02,136.0,155.9526183496486,122.68847789721296,191.43553465587283
2025-06-09,143.0,152.31555683505195,114.59879053269813,188.24312254812818
2025-06-16,143.0,149.60357390778438,118.83377545212089,184.84468154240142
2025-06-23,139.0,150.04167208004185,114.06882390799937,182.72331296044229
2025-06-30,143.0,152.19816281662023,117.7342966852994,186.33276241411534
2025-07-07,151.0,152.149104043316,117.56345434895225,186.23256352188187
2025-07-14,153.0,148.25203351758685,114.03498008386028,183.84033917201714
2025-07-21,139.0,143.96529420811552,110.97174900008142,176.98193730491448
2025-07-28,115.0,144.58618553058932,113.21611814654456,177.61188157558695
2025-08-04,155.0,150.9629868433051,119.21229646564471,180.9375028038191
2025-08-11,153.0,157.56712526556072,124.5261269449151,191.25782401539564
2025-08-18,164.0,157.83224991239268,124.58167916263785,191.98300408761446
2025-08-25,117.0,151.1320981819159,116.90998471212978,182.6468493059235
2025-09-01,150.0,143.4813759487425,108.4775626931488,174.80992436990775
2025-09-08,176.0,141.15028136945395,107.39353834536897,175.06975231628965
2025-09-15,100.0,144.53553349392644,109.81335941645145,176.6211339353397
2025-09-22,139.0,148.99581964208664,115.32658676065208,182.56702252361902
2025-09-29,147.0,150.82696211352564,117.7813295922423,185.04418738025035
2025-10-06,135.0,150.72274178895412,119.14088722653355,184.16716423131717
2025-10-13,135.0,151.00258532652614,118.05186435418541,184.00351074067197
2025-10-20,147.0,151.2295938031483,120.13662438433117,187.18212989721775
2025-10-27,136.0,148.68968322290036,113.65315165465549,183.02063109237704
2025-11-03,138.0,143.17008685090212,108.06514283369015,180.1211595089928
2025-11-10,151.0,138.94829120339034,104.49586359970418,174.651655998521
2025-11-17,86.0,139.98315687692343,107.44920231424042,176.5646018578751
2025-11-24,128.0,143.64163326484288,110.89575408158105,177.74717545922738
2025-12-01,130.0,141.71537351694715,109.73166558717519,177.46084291645684
2025-12-08,109.0,129.4532745834162,94.8766007611913,161.9490675981853
2025-12-15,127.0,112.88014360062874,77.82940660676887,146.16134945371178
2025-12-22,67.0,104.99495029994385,72.04772700979113,138.78444412103912
2025-12-29,226.0,113.45218070471952,78.94246891046674,148.1778042333562
2026-01-05,160.0,132.5302948801822,102.25003222966252,166.56350084427572
2026-01-11,,146.73031856201675,112.04801839468877,180.51584249100418
2026-01-18,,152.1402970461081,119.04049135962687,187.09493449796133
2026-01-25,,147.73814954777873,115.10035802306263,180.29792312339939
2026-02-01,,143.8094760401046,112.378555083557,178.90994438877843
2026-02-08,,147.5623709279913,113.35330780650398,182.06702492959656
2026-02-15,,156.38236645259286,125.4343419669073,188.31242545400588
2026-02-22,,162.02586539083333,131.03849820235925,192.10407944097182
2026-03-01,,159.75391727981474,124.02321632209399,192.12578235141194
2026-03-08,,152.28841825265883,121.03509849822456,187.07251662580268
2026-03-15,,145.67704355727508,112.07333577343262,178.15980373466985
2026-03-22,,143.09155227249656,110.5271281483208,177.01014214619758
2026-03-29,,143.28180945152454,109.34618820092581,176.57209050404188
2026-04-05,,143.78174822243255,108.75628460761844,175.56283920729743
2026-04-12,,143.94331251876673,108.18683546216374,176.7431215972287
2026-04-19,,144.682863806362,109.62044385534367,179.34285334312494
2026-04-26,,146.5966566055532,113.16753117868005,181.84592144464523
2026-05-03,,149.3563652460708,114.13622275706443,183.30765829552297
2026-05-10,,152.47241456337858,117.66392807739838,184.43432180694555
2026-05-17,,155.5089945780109,120.94530553268116,189.97187135051107
2026-05-24,,157.41332361455244,121.97200899694788,193.55516943804173
2026-05-31,,156.752770033005,123.04662157936576,190.79565574090495
2026-06-07,,153.51545141386552,118.74364798479775,185.61593907536357
2026-06-14,,150.14904780665645,115.02708638465172,184.73806565759898
2026-06-21,,149.5289622645244,114.99061790325605,185.11163032652718
2026-06-28,,151.52068422106598,117.7821716672371,185.1870048789977
2026-07-05,,152.5723195501122,117.69309537575079,183.54416565852705
2026-07-12,,149.77455521751918,114.70080324792801,182.1126952825369
2026-07-19,,144.99565931159628,112.15261270067465,178.81634170503474
2026-07-26,,143.62405918750187,110.08942400868543,177.25633634893856
2026-08-02,,148.49497747131096,116.44721082262126,182.7741401834062
2026-08-09,,155.8560188114373,120.41036055436389,188.96378095587144
2026-08-16,,158.60911788291304,126.09535358898147,192.43929566721238
2026-08-23,,153.72889499129562,118.65541925546188,188.36123862891964
2026-08-30,,145.5464252887135,111.65507224164232,177.12568759614817
2026-09-06,,141.11939496855751,106.51932179262421,174.32609399209727
2026-09-13,,143.0323215709139,108.62287353286472,177.04791090617454
2026-09-20,,147.721614971407,114.33266320867024,182.80306035924593
2026-09-27,,150.53148442138325,117.68237704469081,182.93830033749376
2026-10-04,,150.7678345362075,115.2603514981246,186.6180365835918
2026-10-11,,150.7867467411409,114.93185999641955,183.4143481928387
2026-10-18,,151.29674843346123,117.16048689558134,185.77056479994187
2026-10-25,,149.88887795027279,116.0655034882689,185.56831020050248
2026-11-01,,145.03941300224864,110.44485849225973,179.56030902216943
2026-11-08,,139.79980376990946,105.04167653752762,174.81147600188385
2026-11-15,,139.0399932987479,105.63466862015149,175.08765448123646
2026-11-22,,142.61470720003112,108.88954711508316,178.73722111645964
2026-11-29,,143.38531946894582,109.91190021375714,177.5899867042844
2026-12-06,,134.3525257438527,99.52506356694708,169.1184488451383
2026-12-13,,117.87066108119654,86.16690325916052,153.35933009915772
2026-12-20,,105.83942971606434,72.67244810479305,142.46309059004457
2026-12-27,,108.99716032871751,73.99266267868643,144.43668099651453
2027-01-03,,126.02967422075298,90.59768399354164,161.3243615224338
2027-01-10,,144.34732493562606,110.58137860078433,178.43818322674994
2027-01-17,,152.08179398907336,117.34548405424151,185.8686380391373
2027-01-24,,148.781458210982,111.71097712485506,180.81912042941647
2027-01-31,,144.00324261702292,109.47972239864411,177.45816630666667
2027-02-07,,146.28849098448464,113.0020434402328,180.45829739549217
2027-02-14,,154.76765982260585,120.50623171967844,188.11069445165262
2027-02-21,,161.5297424659368,127.3946240984258,193.2159033894227
2027-02-28,,160.67014072664375,126.45432310077517,194.81694569269496
2027-03-07,,153.69135195645492,117.53638425393959,187.96378487999252
2027-03-14,,146.55498778506825,112.88668408450212,180.9251034351008
2027-03-21,,143.24069979230148,107.82956687815734,174.9719931827282
2027-03-28,,143.13628121427357,108.70893327107493,176.95329803578852
2027-04-04,,143.69694867309553,107.73798267703506,180.40243789909513
2027-04-11,,143.8717925536123,109.96479684090805,176.08370215413223
2027-04-18,,144.43516380981524,109.39028460454661,176.98053346292377
2027-04-25,,146.14377226562718,114.33895817259311,183.46226573862828
2027-05-02,,148.79423315882278,114.02857533711305,182.78828243585923
2027-05-09,,151.87285722645342,116.93526610133235,187.64469733153152
2027-05-16,,154.9755192648799,117.5263742337012,188.82024284067086
2027-05-23,,157.19395326383156,121.49847164581398,190.44533704218858
2027-05-30,,157.0604516696928,122.0966479638671,189.70717404619944
2027-06-06,,154.16712052622313,120.55243648338671,189.53329026329064
2027-06-13,,150.57670491903153,114.78905335508658,184.19913049187753
2027-06-20,,149.35556303199976,114.24928249187043,184.04628606570938
2027-06-27,,151.07611823474443,117.15909650472426,184.8570126298314
2027-07-04,,152.59957617766227,119.12781767223385,187.82488740138265
2027-07-11,,150.5129585118429,118.67721174298879,185.65700565212123
2027-07-18,,145.72799336156714,112.09971519170865,179.65894900149988
2027-07-25,,143.3799184797864,110.43233110657391,177.59067627608326
2027-08-01,,147.21928242924733,111.93217138841615,183.82099322135028
2027-08-08,,154.65456418401962,124.85642840410313,187.6029622369293
2027-08-15,,158.65780914788752,123.2949428104331,191.7455854751556
