ds,y
2013-12-30,2
2014-01-06,2
2014-01-13,1
2014-01-20,0
2014-01-27,0
2014-02-03,0
2014-02-10,3
2014-02-17,3
2014-02-24,0
2014-03-03,2
2014-03-10,0
2014-03-17,0
2014-03-24,3
2014-03-31,4
2014-04-07,1
2014-04-14,1
2014-04-21,0
2014-04-28,3
2014-05-05,4
2014-05-12,4
2014-05-19,1
2014-05-26,0
2014-06-02,3
2014-06-09,1
2014-06-16,1
2014-06-23,1
2014-06-30,2
2014-07-07,0
2014-07-14,0
2014-07-21,1
2014-07-28,2
2014-08-04,1
2014-08-11,2
2014-08-18,0
2014-08-25,1
2014-09-01,0
2014-09-08,3
2014-09-15,1
2014-09-22,0
2014-09-29,0
2014-10-06,0
2014-10-13,0
2014-10-20,0
2014-10-27,0
2014-11-03,0
2014-11-10,0
2014-11-17,0
2014-11-24,0
2014-12-01,0
2014-12-08,0
2014-12-15,0
2014-12-22,0
2014-12-29,0
2015-01-05,0
2015-01-12,0
2015-01-19,0
2015-01-26,1
2015-02-02,3
2015-02-09,1
2015-02-16,4
2015-02-23,1
2015-03-02,3
2015-03-09,1
2015-03-16,1
2015-03-23,0
2015-03-30,3
2015-04-06,3
2015-04-13,2
2015-04-20,2
2015-04-27,2
2015-05-04,1
2015-05-11,1
2015-05-18,2
2015-05-25,1
2015-06-01,1
2015-06-08,0
2015-06-15,0
2015-06-22,1
2015-06-29,1
2015-07-06,0
2015-07-13,1
2015-07-20,2
2015-07-27,1
2015-08-03,1
2015-08-10,3
2015-08-17,1
2015-08-24,1
2015-08-31,4
2015-09-07,1
2015-09-14,0
2015-09-21,1
2015-09-28,1
2015-10-05,2
2015-10-12,0
2015-10-19,3
2015-10-26,0
2015-11-02,2
2015-11-09,0
2015-11-16,4
2015-11-23,1
2015-11-30,1
2015-12-07,1
2015-12-14,1
2015-12-21,1
2016-01-04,3
2016-01-11,1
2016-01-18,1
2016-01-25,1
2016-02-01,3
2016-02-08,0
2016-02-15,0
2016-02-22,2
2016-02-29,1
2016-03-07,1
2016-03-14,0
2016-03-21,0
2016-03-28,1
2016-04-04,1
2016-04-11,0
2016-04-18,1
2016-04-25,4
2016-05-02,0
2016-05-09,3
2016-05-16,0
2016-05-23,1
2016-05-30,1
2016-06-06,1
2016-06-13,1
2016-06-20,2
2016-06-27,2
2016-07-04,1
2016-07-11,1
2016-07-18,0
2016-07-25,1
2016-08-01,2
2016-08-08,2
2016-08-15,1
2016-08-22,1
2016-08-29,1
2016-09-05,1
2016-09-12,1
2016-09-19,3
2016-09-26,0
2016-10-03,0
2016-10-10,0
2016-10-17,2
2016-10-24,1
2016-10-31,0
2016-11-07,0
2016-11-14,2
2016-11-21,2
2016-11-28,0
2016-12-05,0
2016-12-12,1
2016-12-19,0
2016-12-26,0
2017-01-02,3
2017-01-09,1
2017-01-16,3
2017-01-23,2
2017-01-30,1
2017-02-06,1
2017-02-13,1
2017-02-20,2
2017-02-27,2
2017-03-06,0
2017-03-13,2
2017-03-20,2
2017-03-27,1
2017-04-03,0
2017-04-10,0
2017-04-17,0
2017-04-24,2
2017-05-01,1
2017-05-08,1
2017-05-15,0
2017-05-22,1
2017-05-29,1
2017-06-05,2
2017-06-12,1
2017-06-19,0
2017-06-26,1
2017-07-03,3
2017-07-10,2
2017-07-17,0
2017-07-24,0
2017-07-31,0
2017-08-07,0
2017-08-14,1
2017-08-21,0
2017-08-28,0
2017-09-04,1
2017-09-11,0
2017-09-18,0
2017-09-25,3
2017-10-02,1
2017-10-09,0
2017-10-16,2
2017-10-23,1
2017-10-30,0
2017-11-06,0
2017-11-13,1
2017-11-20,0
2017-11-27,1
2017-12-04,1
2017-12-11,1
2017-12-18,0
2017-12-25,0
2018-01-01,1
2018-01-08,1
2018-01-15,0
2018-01-22,0
2018-01-29,0
2018-02-05,0
2018-02-12,2
2018-02-19,0
2018-02-26,1
2018-03-05,0
2018-03-12,0
2018-03-19,1
2018-03-26,0
2018-04-02,0
2018-04-09,1
2018-04-16,0
2018-04-23,2
2018-04-30,1
2018-05-07,0
2018-05-14,0
2018-05-21,2
2018-05-28,3
2018-06-04,1
2018-06-11,0
2018-06-18,0
2018-06-25,0
2018-07-02,1
2018-07-09,0
2018-07-16,0
2018-07-23,0
2018-07-30,1
2018-08-06,0
2018-08-13,0
2018-08-20,1
2018-08-27,1
2018-09-03,0
2018-09-10,1
2018-09-17,1
2018-09-24,1
2018-10-01,3
2018-10-08,1
2018-10-15,0
2018-10-22,1
2018-10-29,5
2018-11-05,0
2018-11-12,1
2018-11-19,0
2018-11-26,0
2018-12-03,5
2018-12-10,0
2018-12-17,0
2018-12-24,0
2018-12-31,1
2019-01-07,0
2019-01-14,0
2019-01-21,1
2019-01-28,1
2019-02-04,1
2019-02-11,1
2019-02-18,1
2019-02-25,0
2019-03-04,0
2019-03-11,1
2019-03-18,0
2019-03-25,2
2019-04-01,0
2019-04-08,1
2019-04-15,2
2019-04-22,0
2019-04-29,1
2019-05-06,1
2019-05-13,0
2019-05-20,0
2019-05-27,0
2019-06-03,0
2019-06-10,2
2019-06-17,0
2019-06-24,0
2019-07-01,2
2019-07-08,1
2019-07-15,0
2019-07-22,0
2019-07-29,0
2019-08-05,0
2019-08-12,3
2019-08-19,1
2019-08-26,1
2019-09-02,2
2019-09-09,0
2019-09-16,2
2019-09-23,0
2019-09-30,2
2019-10-07,4
2019-10-14,0
2019-10-21,3
2019-10-28,1
2019-11-04,0
2019-11-11,3
2019-11-18,1
2019-11-25,0
2019-12-02,1
2019-12-09,1
2019-12-16,0
2019-12-23,1
2019-12-30,0
2020-01-06,1
2020-01-13,2
2020-01-20,0
2020-01-27,0
2020-02-03,0
2020-02-10,1
2020-02-17,3
2020-02-24,1
2020-03-02,0
2020-03-09,1
2020-03-16,1
2020-03-23,0
2020-03-30,0
2020-04-06,1
2020-04-13,0
2020-04-20,0
2020-04-27,0
2020-05-04,0
2020-05-11,0
2020-05-18,0
2020-05-25,0
2020-06-01,0
2020-06-08,0
2020-06-15,0
2020-06-22,0
2020-06-29,0
2020-07-06,0
2020-07-13,1
2020-07-20,0
2020-07-27,0
2020-08-03,0
2020-08-10,0
2020-08-17,0
2020-08-24,0
2020-08-31,0
2020-09-07,0
2020-09-14,0
2020-09-21,2
2020-09-28,2
2020-10-05,0
2020-10-12,0
2020-10-19,1
2020-10-26,0
2020-11-02,0
2020-11-09,0
2020-11-16,0
2020-11-23,2
2020-11-30,0
2020-12-07,2
2020-12-14,1
2020-12-21,1
2020-12-28,0
2021-01-04,1
2021-01-11,0
2021-01-18,0
2021-01-25,0
2021-02-01,0
2021-02-08,1
2021-02-15,0
2021-02-22,1
2021-03-01,0
2021-03-08,0
2021-03-15,1
2021-03-22,0
2021-03-29,0
2021-04-05,0
2021-04-12,0
2021-04-19,1
2021-04-26,1
2021-05-03,0
2021-05-10,0
2021-05-17,0
2021-05-24,0
2021-05-31,1
2021-06-07,1
2021-06-14,2
2021-06-21,1
2021-06-28,0
2021-07-05,0
2021-07-12,1
2021-07-19,3
2021-07-26,0
2021-08-02,1
2021-08-09,1
2021-08-16,1
2021-08-23,0
2021-08-30,0
2021-09-06,0
2021-09-13,0
2021-09-20,2
2021-09-27,2
2021-10-04,0
2021-10-11,0
2021-10-18,1
2021-10-25,3
2021-11-01,1
2021-11-08,1
2021-11-15,0
2021-11-22,0
2021-11-29,2
2021-12-06,0
2021-12-13,0
2021-12-20,0
2021-12-27,1
2022-01-03,0
2022-01-10,0
2022-01-17,1
2022-01-24,1
2022-01-31,0
2022-02-07,0
2022-02-14,0
2022-02-21,4
2022-02-28,0
2022-03-07,2
2022-03-14,0
2022-03-21,4
2022-03-28,3
2022-04-04,4
2022-04-11,5
2022-04-18,2
2022-04-25,2
2022-05-02,2
2022-05-09,3
2022-05-16,1
2022-05-23,1
2022-05-30,2
2022-06-06,1
2022-06-13,5
2022-06-20,1
2022-06-27,2
2022-07-04,0
2022-07-11,1
2022-07-18,0
2022-07-25,1
2022-08-01,5
2022-08-08,0
2022-08-15,1
2022-08-22,2
2022-08-29,2
2022-09-05,3
2022-09-12,0
2022-09-19,2
2022-09-26,3
2022-10-03,3
2022-10-10,2
2022-10-17,2
2022-10-24,3
2022-10-31,1
2022-11-07,2
2022-11-14,1
2022-11-21,0
2022-11-28,0
2022-12-05,0
2022-12-12,1
2022-12-19,0
2022-12-26,0
2023-01-02,2
2023-01-09,1
2023-01-16,1
2023-01-23,0
2023-01-30,0
2023-02-06,0
2023-02-13,0
2023-02-20,1
2023-02-27,1
2023-03-06,1
2023-03-13,0
2023-03-20,1
2023-03-27,1
2023-04-03,2
2023-04-10,2
2023-04-17,2
2023-04-24,0
2023-05-01,0
2023-05-08,1
2023-05-15,1
2023-05-22,0
2023-05-29,0
2023-06-05,1
2023-06-12,0
2023-06-19,1
2023-06-26,1
2023-07-03,0
2023-07-10,0
2023-07-17,0
2023-07-24,1
2023-07-31,1
2023-08-07,0
2023-08-14,1
2023-08-21,1
2023-08-28,1
2023-09-04,1
2023-09-11,1
2023-09-18,1
2023-09-25,0
2023-10-02,0
2023-10-09,3
2023-10-16,0
2023-10-23,0
2023-10-30,1
2023-11-06,0
2023-11-13,0
2023-11-20,1
2023-11-27,0
2023-12-04,0
2023-12-11,0
2023-12-18,0
2023-12-25,0
2024-01-01,0
2024-01-08,1
2024-01-15,0
2024-01-22,3
2024-01-29,2
2024-02-05,0
2024-02-12,0
2024-02-19,1
2024-02-26,1
2024-03-04,1
2024-03-11,3
2024-03-18,0
2024-03-25,0
2024-04-01,0
2024-04-08,0
2024-04-15,1
2024-04-22,0
2024-04-29,0
2024-05-06,0
2024-05-13,0
2024-05-20,0
2024-05-27,0
2024-06-03,0
2024-06-10,2
2024-06-17,0
2024-06-24,0
2024-07-01,0
2024-07-08,0
2024-07-15,1
2024-07-22,0
2024-07-29,0
2024-08-05,0
2024-08-12,1
2024-08-19,1
2024-08-26,2
2024-09-02,2
2024-09-09,1
2024-09-16,1
2024-09-23,0
2024-09-30,0
2024-10-07,1
2024-10-14,2
2024-10-21,0
2024-10-28,1
2024-11-04,1
2024-11-11,0
2024-11-18,1
2024-11-25,1
2024-12-02,2
2024-12-09,1
2024-12-16,1
2024-12-23,0
2024-12-30,0
