ds,Total,y_original,y
2013-12-30,798447,0,0.0
2014-01-06,798447,1,0.11799912628282197
2014-01-13,798447,2,0.22353248082757987
2014-01-20,798447,2,0.22353248082757987
2014-01-27,798447,3,0.3189840520502457
2014-02-03,798447,1,0.11799912628282197
2014-02-10,798447,2,0.22353248082757987
2014-02-17,798447,0,0.0
2014-02-24,798447,2,0.22353248082757987
2014-03-03,798447,5,0.48625562294317565
2014-03-10,798447,3,0.3189840520502457
2014-03-17,798447,4,0.4061132399524352
2014-03-24,798447,2,0.22353248082757987
2014-03-31,798447,3,0.3189840520502457
2014-04-07,798447,4,0.4061132399524352
2014-04-14,798447,3,0.3189840520502457
2014-04-21,798447,3,0.3189840520502457
2014-04-28,798447,3,0.3189840520502457
2014-05-05,798447,2,0.22353248082757987
2014-05-12,798447,3,0.3189840520502457
2014-05-19,798447,4,0.4061132399524352
2014-05-26,798447,5,0.48625562294317565
2014-06-02,798447,11,0.8661228715056862
2014-06-09,798447,3,0.3189840520502457
2014-06-16,798447,2,0.22353248082757987
2014-06-23,798447,4,0.4061132399524352
2014-06-30,798447,0,0.0
2014-07-07,798447,6,0.5604490231762019
2014-07-14,798447,1,0.11799912628282197
2014-07-21,798447,6,0.5604490231762019
2014-07-28,798447,1,0.11799912628282197
2014-08-04,798447,4,0.4061132399524352
2014-08-11,798447,3,0.3189840520502457
2014-08-18,798447,17,1.140756026831542
2014-08-25,798447,2,0.22353248082757987
2014-09-01,798447,1,0.11799912628282197
2014-09-08,798447,1,0.11799912628282197
2014-09-15,798447,4,0.4061132399524352
2014-09-22,798447,3,0.3189840520502457
2014-09-29,798447,6,0.5604490231762019
2014-10-06,798447,1,0.11799912628282197
2014-10-13,798447,2,0.22353248082757987
2014-10-20,798447,1,0.11799912628282197
2014-10-27,798447,2,0.22353248082757987
2014-11-03,798447,11,0.8661228715056862
2014-11-10,798447,2,0.22353248082757987
2014-11-17,798447,3,0.3189840520502457
2014-11-24,798447,4,0.4061132399524352
2014-12-01,798447,4,0.4061132399524352
2014-12-08,798447,3,0.3189840520502457
2014-12-15,798447,4,0.4061132399524352
2014-12-22,798447,1,0.11799912628282197
2014-12-29,1596894,3,0.3189840520502457
2015-01-05,798447,4,0.4061132399524352
2015-01-12,798447,5,0.48625562294317565
2015-01-19,798447,5,0.48625562294317565
2015-01-26,798447,5,0.48625562294317565
2015-02-02,798447,5,0.48625562294317565
2015-02-09,798447,1,0.11799912628282197
2015-02-16,798447,2,0.22353248082757987
2015-02-23,798447,4,0.4061132399524352
2015-03-02,798447,2,0.22353248082757987
2015-03-09,798447,2,0.22353248082757987
2015-03-16,798447,6,0.5604490231762019
2015-03-23,798447,2,0.22353248082757987
2015-03-30,798447,2,0.22353248082757987
2015-04-06,798447,3,0.3189840520502457
2015-04-13,798447,4,0.4061132399524352
2015-04-20,798447,4,0.4061132399524352
2015-04-27,798447,2,0.22353248082757987
2015-05-04,798447,2,0.22353248082757987
2015-05-11,798447,5,0.48625562294317565
2015-05-18,798447,0,0.0
2015-05-25,798447,9,0.7548009921101629
2015-06-01,798447,6,0.5604490231762019
2015-06-08,798447,6,0.5604490231762019
2015-06-15,798447,4,0.4061132399524352
2015-06-22,798447,8,0.6941192208663044
2015-06-29,798447,4,0.4061132399524352
2015-07-06,798447,5,0.48625562294317565
2015-07-13,798447,3,0.3189840520502457
2015-07-20,798447,3,0.3189840520502457
2015-07-27,798447,10,0.812010202699425
2015-08-03,798447,3,0.3189840520502457
2015-08-10,798447,9,0.7548009921101629
2015-08-17,798447,6,0.5604490231762019
2015-08-24,798447,11,0.8661228715056862
2015-08-31,798447,1,0.11799912628282197
2015-09-07,798447,3,0.3189840520502457
2015-09-14,798447,6,0.5604490231762019
2015-09-21,798447,2,0.22353248082757987
2015-09-28,798447,3,0.3189840520502457
2015-10-05,798447,5,0.48625562294317565
2015-10-12,798447,23,1.3559877062049501
2015-10-19,798447,5,0.48625562294317565
2015-10-26,798447,1,0.11799912628282197
2015-11-02,798447,3,0.3189840520502457
2015-11-09,798447,4,0.4061132399524352
2015-11-16,798447,5,0.48625562294317565
2015-11-23,798447,5,0.48625562294317565
2015-11-30,798447,9,0.7548009921101629
2015-12-07,798447,0,0.0
2015-12-14,798447,1,0.11799912628282197
2015-12-21,798447,2,0.22353248082757987
2016-01-04,798447,6,0.5604490231762019
2016-01-11,798447,4,0.4061132399524352
2016-01-18,798447,3,0.3189840520502457
2016-01-25,798447,4,0.4061132399524352
2016-02-01,798447,5,0.48625562294317565
2016-02-08,798447,5,0.48625562294317565
2016-02-15,798447,9,0.7548009921101629
2016-02-22,798447,9,0.7548009921101629
2016-02-29,798447,2,0.22353248082757987
2016-03-07,798447,2,0.22353248082757987
2016-03-14,798447,2,0.22353248082757987
2016-03-21,798447,7,0.6295159264291073
2016-03-28,798447,12,0.9174570669097143
2016-04-04,798447,2,0.22353248082757987
2016-04-11,798447,4,0.4061132399524352
2016-04-18,798447,6,0.5604490231762019
2016-04-25,798447,0,0.0
2016-05-02,798447,4,0.4061132399524352
2016-05-09,798447,5,0.48625562294317565
2016-05-16,798447,5,0.48625562294317565
2016-05-23,798447,5,0.48625562294317565
2016-05-30,798447,4,0.4061132399524352
2016-06-06,798447,7,0.6295159264291073
2016-06-13,798447,5,0.48625562294317565
2016-06-20,798447,1,0.11799912628282197
2016-06-27,798447,3,0.3189840520502457
2016-07-04,798447,6,0.5604490231762019
2016-07-11,798447,6,0.5604490231762019
2016-07-18,798447,1,0.11799912628282197
2016-07-25,798447,3,0.3189840520502457
2016-08-01,798447,5,0.48625562294317565
2016-08-08,798447,2,0.22353248082757987
2016-08-15,798447,0,0.0
2016-08-22,798447,2,0.22353248082757987
2016-08-29,798447,7,0.6295159264291073
2016-09-05,798447,4,0.4061132399524352
2016-09-12,798447,2,0.22353248082757987
2016-09-19,798447,3,0.3189840520502457
2016-09-26,798447,7,0.6295159264291073
2016-10-03,798447,3,0.3189840520502457
2016-10-10,798447,2,0.22353248082757987
2016-10-17,798447,6,0.5604490231762019
2016-10-24,798447,3,0.3189840520502457
2016-10-31,798447,7,0.6295159264291073
2016-11-07,798447,7,0.6295159264291073
2016-11-14,798447,8,0.6941192208663044
2016-11-21,798447,2,0.22353248082757987
2016-11-28,798447,4,0.4061132399524352
2016-12-05,798447,2,0.22353248082757987
2016-12-12,798447,0,0.0
2016-12-19,798447,3,0.3189840520502457
2016-12-26,798447,4,0.4061132399524352
2017-01-02,798447,2,0.22353248082757987
2017-01-09,798447,4,0.4061132399524352
2017-01-16,798447,4,0.4061132399524352
2017-01-23,798447,1,0.11799912628282197
2017-01-30,798447,0,0.0
2017-02-06,798447,5,0.48625562294317565
2017-02-13,798447,4,0.4061132399524352
2017-02-20,798447,4,0.4061132399524352
2017-02-27,798447,5,0.48625562294317565
2017-03-06,798447,7,0.6295159264291073
2017-03-13,798447,3,0.3189840520502457
2017-03-20,798447,2,0.22353248082757987
2017-03-27,798447,1,0.11799912628282197
2017-04-03,798447,7,0.6295159264291073
2017-04-10,798447,1,0.11799912628282197
2017-04-17,798447,4,0.4061132399524352
2017-04-24,798447,6,0.5604490231762019
2017-05-01,798447,8,0.6941192208663044
2017-05-08,798447,1,0.11799912628282197
2017-05-15,798447,4,0.4061132399524352
2017-05-22,798447,11,0.8661228715056862
2017-05-29,798447,4,0.4061132399524352
2017-06-05,798447,5,0.48625562294317565
2017-06-12,798447,5,0.48625562294317565
2017-06-19,798447,6,0.5604490231762019
2017-06-26,798447,3,0.3189840520502457
2017-07-03,798447,5,0.48625562294317565
2017-07-10,798447,9,0.7548009921101629
2017-07-17,798447,2,0.22353248082757987
2017-07-24,798447,3,0.3189840520502457
2017-07-31,798447,7,0.6295159264291073
2017-08-07,798447,3,0.3189840520502457
2017-08-14,798447,12,0.9174570669097143
2017-08-21,798447,5,0.48625562294317565
2017-08-28,798447,4,0.4061132399524352
2017-09-04,798447,2,0.22353248082757987
2017-09-11,798447,8,0.6941192208663044
2017-09-18,798447,1,0.11799912628282197
2017-09-25,798447,2,0.22353248082757987
2017-10-02,798447,5,0.48625562294317565
2017-10-09,798447,6,0.5604490231762019
2017-10-16,798447,4,0.4061132399524352
2017-10-23,798447,11,0.8661228715056862
2017-10-30,798447,12,0.9174570669097143
2017-11-06,798447,5,0.48625562294317565
2017-11-13,798447,4,0.4061132399524352
2017-11-20,798447,7,0.6295159264291073
2017-11-27,798447,7,0.6295159264291073
2017-12-04,798447,8,0.6941192208663044
2017-12-11,798447,5,0.48625562294317565
2017-12-18,798447,5,0.48625562294317565
2017-12-25,798447,6,0.5604490231762019
2018-01-01,798447,4,0.4061132399524352
2018-01-08,798447,5,0.48625562294317565
2018-01-15,798447,7,0.6295159264291073
2018-01-22,798447,1,0.11799912628282197
2018-01-29,798447,2,0.22353248082757987
2018-02-05,798447,3,0.3189840520502457
2018-02-12,798447,3,0.3189840520502457
2018-02-19,798447,1,0.11799912628282197
2018-02-26,798447,3,0.3189840520502457
2018-03-05,798447,3,0.3189840520502457
2018-03-12,798447,4,0.4061132399524352
2018-03-19,798447,2,0.22353248082757987
2018-03-26,798447,1,0.11799912628282197
2018-04-02,798447,3,0.3189840520502457
2018-04-09,798447,3,0.3189840520502457
2018-04-16,798447,4,0.4061132399524352
2018-04-23,798447,2,0.22353248082757987
2018-04-30,798447,5,0.48625562294317565
2018-05-07,798447,6,0.5604490231762019
2018-05-14,798447,3,0.3189840520502457
2018-05-21,798447,2,0.22353248082757987
2018-05-28,798447,6,0.5604490231762019
2018-06-04,798447,5,0.48625562294317565
2018-06-11,798447,5,0.48625562294317565
2018-06-18,798447,9,0.7548009921101629
2018-06-25,798447,3,0.3189840520502457
2018-07-02,798447,5,0.48625562294317565
2018-07-09,798447,7,0.6295159264291073
2018-07-16,798447,0,0.0
2018-07-23,798447,5,0.48625562294317565
2018-07-30,798447,3,0.3189840520502457
2018-08-06,798447,7,0.6295159264291073
2018-08-13,798447,10,0.812010202699425
2018-08-20,798447,7,0.6295159264291073
2018-08-27,798447,3,0.3189840520502457
2018-09-03,798447,5,0.48625562294317565
2018-09-10,798447,4,0.4061132399524352
2018-09-17,798447,8,0.6941192208663044
2018-09-24,798447,7,0.6295159264291073
2018-10-01,798447,2,0.22353248082757987
2018-10-08,798447,3,0.3189840520502457
2018-10-15,798447,4,0.4061132399524352
2018-10-22,798447,5,0.48625562294317565
2018-10-29,798447,4,0.4061132399524352
2018-11-05,798447,5,0.48625562294317565
2018-11-12,798447,7,0.6295159264291073
2018-11-19,798447,5,0.48625562294317565
2018-11-26,798447,2,0.22353248082757987
2018-12-03,798447,7,0.6295159264291073
2018-12-10,798447,12,0.9174570669097143
2018-12-17,798447,3,0.3189840520502457
2018-12-24,798447,4,0.4061132399524352
2018-12-31,798447,0,0.0
2019-01-07,798447,4,0.4061132399524352
2019-01-14,798447,4,0.4061132399524352
2019-01-21,798447,5,0.48625562294317565
2019-01-28,798447,3,0.3189840520502457
2019-02-04,798447,2,0.22353248082757987
2019-02-11,798447,2,0.22353248082757987
2019-02-18,798447,5,0.48625562294317565
2019-02-25,798447,3,0.3189840520502457
2019-03-04,798447,8,0.6941192208663044
2019-03-11,798447,2,0.22353248082757987
2019-03-18,798447,2,0.22353248082757987
2019-03-25,798447,2,0.22353248082757987
2019-04-01,798447,6,0.5604490231762019
2019-04-08,798447,5,0.48625562294317565
2019-04-15,798447,0,0.0
2019-04-22,798447,3,0.3189840520502457
2019-04-29,798447,5,0.48625562294317565
2019-05-06,798447,7,0.6295159264291073
2019-05-13,798447,3,0.3189840520502457
2019-05-20,798447,1,0.11799912628282197
2019-05-27,798447,3,0.3189840520502457
2019-06-03,798447,4,0.4061132399524352
2019-06-10,798447,8,0.6941192208663044
2019-06-17,798447,5,0.48625562294317565
2019-06-24,798447,4,0.4061132399524352
2019-07-01,798447,1,0.11799912628282197
2019-07-08,798447,5,0.48625562294317565
2019-07-15,798447,4,0.4061132399524352
2019-07-22,798447,1,0.11799912628282197
2019-07-29,798447,10,0.812010202699425
2019-08-05,798447,3,0.3189840520502457
2019-08-12,798447,7,0.6295159264291073
2019-08-19,798447,3,0.3189840520502457
2019-08-26,798447,7,0.6295159264291073
2019-09-02,798447,5,0.48625562294317565
2019-09-09,798447,5,0.48625562294317565
2019-09-16,798447,3,0.3189840520502457
2019-09-23,798447,3,0.3189840520502457
2019-09-30,798447,3,0.3189840520502457
2019-10-07,798447,4,0.4061132399524352
2019-10-14,798447,4,0.4061132399524352
2019-10-21,798447,5,0.48625562294317565
2019-10-28,798447,2,0.22353248082757987
2019-11-04,798447,1,0.11799912628282197
2019-11-11,798447,1,0.11799912628282197
2019-11-18,798447,5,0.48625562294317565
2019-11-25,798447,4,0.4061132399524352
2019-12-02,798447,4,0.4061132399524352
2019-12-09,798447,4,0.4061132399524352
2019-12-16,798447,3,0.3189840520502457
2019-12-23,798447,2,0.22353248082757987
2019-12-30,798447,3,0.3189840520502457
2020-01-06,798447,2,0.22353248082757987
2020-01-13,798447,1,0.11799912628282197
2020-01-20,798447,2,0.22353248082757987
2020-01-27,798447,5,0.48625562294317565
2020-02-03,798447,4,0.4061132399524352
2020-02-10,798447,2,0.22353248082757987
2020-02-17,798447,2,0.22353248082757987
2020-02-24,798447,2,0.22353248082757987
2020-03-02,798447,2,0.22353248082757987
2020-03-09,798447,3,0.3189840520502457
2020-03-16,798447,2,0.22353248082757987
2020-03-23,798447,2,0.22353248082757987
2020-03-30,798447,4,0.4061132399524352
2020-04-06,798447,3,0.3189840520502457
2020-04-13,798447,0,0.0
2020-04-20,798447,2,0.22353248082757987
2020-04-27,798447,4,0.4061132399524352
2020-05-04,798447,6,0.5604490231762019
2020-05-11,798447,3,0.3189840520502457
2020-05-18,798447,1,0.11799912628282197
2020-05-25,798447,1,0.11799912628282197
2020-06-01,798447,1,0.11799912628282197
2020-06-08,798447,2,0.22353248082757987
2020-06-15,798447,4,0.4061132399524352
2020-06-22,798447,4,0.4061132399524352
2020-06-29,798447,2,0.22353248082757987
2020-07-06,798447,2,0.22353248082757987
2020-07-13,798447,2,0.22353248082757987
2020-07-20,798447,8,0.6941192208663044
2020-07-27,798447,3,0.3189840520502457
2020-08-03,798447,6,0.5604490231762019
2020-08-10,798447,9,0.7548009921101629
2020-08-17,798447,6,0.5604490231762019
2020-08-24,798447,3,0.3189840520502457
2020-08-31,798447,5,0.48625562294317565
2020-09-07,798447,3,0.3189840520502457
2020-09-14,798447,7,0.6295159264291073
2020-09-21,798447,8,0.6941192208663044
2020-09-28,798447,7,0.6295159264291073
2020-10-05,798447,6,0.5604490231762019
2020-10-12,798447,3,0.3189840520502457
2020-10-19,798447,4,0.4061132399524352
2020-10-26,798447,4,0.4061132399524352
2020-11-02,798447,7,0.6295159264291073
2020-11-09,798447,5,0.48625562294317565
2020-11-16,798447,9,0.7548009921101629
2020-11-23,798447,4,0.4061132399524352
2020-11-30,798447,7,0.6295159264291073
2020-12-07,798447,7,0.6295159264291073
2020-12-14,798447,7,0.6295159264291073
2020-12-21,798447,8,0.6941192208663044
2020-12-28,798447,9,0.7548009921101629
2021-01-04,798447,9,0.7548009921101629
2021-01-11,798447,11,0.8661228715056862
2021-01-18,798447,7,0.6295159264291073
2021-01-25,798447,7,0.6295159264291073
2021-02-01,798447,9,0.7548009921101629
2021-02-08,798447,6,0.5604490231762019
2021-02-15,798447,3,0.3189840520502457
2021-02-22,798447,4,0.4061132399524352
2021-03-01,798447,4,0.4061132399524352
2021-03-08,798447,3,0.3189840520502457
2021-03-15,798447,1,0.11799912628282197
2021-03-22,798447,12,0.9174570669097143
2021-03-29,798447,8,0.6941192208663044
2021-04-05,798447,6,0.5604490231762019
2021-04-12,798447,7,0.6295159264291073
2021-04-19,798447,4,0.4061132399524352
2021-04-26,798447,7,0.6295159264291073
2021-05-03,798447,7,0.6295159264291073
2021-05-10,798447,10,0.812010202699425
2021-05-17,798447,7,0.6295159264291073
2021-05-24,798447,7,0.6295159264291073
2021-05-31,798447,7,0.6295159264291073
2021-06-07,798447,11,0.8661228715056862
2021-06-14,798447,7,0.6295159264291073
2021-06-21,798447,11,0.8661228715056862
2021-06-28,798447,11,0.8661228715056862
2021-07-05,798447,10,0.812010202699425
2021-07-12,798447,12,0.9174570669097143
2021-07-19,798447,10,0.812010202699425
2021-07-26,798447,9,0.7548009921101629
2021-08-02,798447,10,0.812010202699425
2021-08-09,798447,12,0.9174570669097143
2021-08-16,798447,16,1.0999081325538367
2021-08-23,798447,17,1.140756026831542
2021-08-30,798447,8,0.6941192208663044
2021-09-06,798447,0,0.0
2021-09-13,798447,10,0.812010202699425
2021-09-20,798447,9,0.7548009921101629
2021-09-27,798447,12,0.9174570669097143
2021-10-04,798447,15,1.0573203654639194
2021-10-11,798447,2,0.22353248082757987
2021-10-18,798447,10,0.812010202699425
2021-10-25,798447,6,0.5604490231762019
2021-11-01,798447,16,1.0999081325538367
2021-11-08,798447,17,1.140756026831542
2021-11-15,798447,11,0.8661228715056862
2021-11-22,798447,15,1.0573203654639194
2021-11-29,798447,14,1.0128378899842725
2021-12-06,798447,15,1.0573203654639194
2021-12-13,798447,4,0.4061132399524352
2021-12-20,798447,12,0.9174570669097143
2021-12-27,798447,9,0.7548009921101629
2022-01-03,798447,12,0.9174570669097143
2022-01-10,798447,23,1.3559877062049501
2022-01-17,798447,20,1.2541513084348166
2022-01-24,798447,13,0.9662842353192813
2022-01-31,798447,20,1.2541513084348166
2022-02-07,798447,21,1.289261764292528
2022-02-14,798447,16,1.0999081325538367
2022-02-21,798447,5,0.48625562294317565
2022-02-28,798447,14,1.0128378899842725
2022-03-07,798447,20,1.2541513084348166
2022-03-14,798447,17,1.140756026831542
2022-03-21,798447,20,1.2541513084348166
2022-03-28,798447,20,1.2541513084348166
2022-04-04,798447,23,1.3559877062049501
2022-04-11,798447,14,1.0128378899842725
2022-04-18,798447,10,0.812010202699425
2022-04-25,798447,15,1.0573203654639194
2022-05-02,798447,15,1.0573203654639194
2022-05-09,798447,17,1.140756026831542
2022-05-16,798447,5,0.48625562294317565
2022-05-23,798447,13,0.9662842353192813
2022-05-30,798447,9,0.7548009921101629
2022-06-06,798447,20,1.2541513084348166
2022-06-13,798447,17,1.140756026831542
2022-06-20,798447,17,1.140756026831542
2022-06-27,798447,15,1.0573203654639194
2022-07-04,798447,12,0.9174570669097143
2022-07-11,798447,18,1.180000646857871
2022-07-18,798447,14,1.0128378899842725
2022-07-25,798447,15,1.0573203654639194
2022-08-01,798447,15,1.0573203654639194
2022-08-08,798447,2,0.22353248082757987
2022-08-15,798447,16,1.0999081325538367
2022-08-22,798447,9,0.7548009921101629
2022-08-29,798447,20,1.2541513084348166
2022-09-05,798447,17,1.140756026831542
2022-09-12,798447,19,1.2177631103246902
2022-09-19,798447,5,0.48625562294317565
2022-09-26,798447,10,0.812010202699425
2022-10-03,798447,23,1.3559877062049501
2022-10-10,798447,5,0.48625562294317565
2022-10-17,798447,12,0.9174570669097143
2022-10-24,798447,11,0.8661228715056862
2022-10-31,798447,3,0.3189840520502457
2022-11-07,798447,6,0.5604490231762019
2022-11-14,798447,4,0.4061132399524352
2022-11-21,798447,7,0.6295159264291073
2022-11-28,798447,5,0.48625562294317565
2022-12-05,798447,9,0.7548009921101629
2022-12-12,798447,9,0.7548009921101629
2022-12-19,798447,9,0.7548009921101629
2022-12-26,798447,10,0.812010202699425
2023-01-02,798447,9,0.7548009921101629
2023-01-09,798447,14,1.0128378899842725
2023-01-16,798447,12,0.9174570669097143
2023-01-23,798447,21,1.289261764292528
2023-01-30,798447,21,1.289261764292528
2023-02-06,798447,14,1.0128378899842725
2023-02-13,798447,5,0.48625562294317565
2023-02-20,798447,6,0.5604490231762019
2023-02-27,798447,18,1.180000646857871
2023-03-06,798447,6,0.5604490231762019
2023-03-13,798447,9,0.7548009921101629
2023-03-20,798447,12,0.9174570669097143
2023-03-27,798447,14,1.0128378899842725
2023-04-03,798447,10,0.812010202699425
2023-04-10,798447,12,0.9174570669097143
2023-04-17,798447,14,1.0128378899842725
2023-04-24,798447,7,0.6295159264291073
2023-05-01,798447,12,0.9174570669097143
2023-05-08,798447,14,1.0128378899842725
2023-05-15,798447,14,1.0128378899842725
2023-05-22,798447,6,0.5604490231762019
2023-05-29,798447,13,0.9662842353192813
2023-06-05,798447,8,0.6941192208663044
2023-06-12,798447,11,0.8661228715056862
2023-06-19,798447,14,1.0128378899842725
2023-06-26,798447,17,1.140756026831542
2023-07-03,798447,17,1.140756026831542
2023-07-10,798447,15,1.0573203654639194
2023-07-17,798447,11,0.8661228715056862
2023-07-24,798447,12,0.9174570669097143
2023-07-31,798447,9,0.7548009921101629
2023-08-07,798447,13,0.9662842353192813
2023-08-14,798447,16,1.0999081325538367
2023-08-21,798447,3,0.3189840520502457
2023-08-28,798447,8,0.6941192208663044
2023-09-04,798447,12,0.9174570669097143
2023-09-11,798447,9,0.7548009921101629
2023-09-18,798447,16,1.0999081325538367
2023-09-25,798447,5,0.48625562294317565
2023-10-02,798447,10,0.812010202699425
2023-10-09,798447,11,0.8661228715056862
2023-10-16,798447,7,0.6295159264291073
2023-10-23,798447,8,0.6941192208663044
2023-10-30,798447,3,0.3189840520502457
2023-11-06,798447,8,0.6941192208663044
2023-11-13,798447,5,0.48625562294317565
2023-11-20,798447,6,0.5604490231762019
2023-11-27,798447,5,0.48625562294317565
2023-12-04,798447,5,0.48625562294317565
2023-12-11,798447,5,0.48625562294317565
2023-12-18,798447,6,0.5604490231762019
2023-12-25,798447,8,0.6941192208663044
2024-01-01,798447,6,0.5604490231762019
2024-01-08,798447,8,0.6941192208663044
2024-01-15,798447,7,0.6295159264291073
2024-01-22,798447,4,0.4061132399524352
2024-01-29,798447,6,0.5604490231762019
2024-02-05,798447,1,0.11799912628282197
2024-02-12,798447,4,0.4061132399524352
2024-02-19,798447,2,0.22353248082757987
2024-02-26,798447,3,0.3189840520502457
2024-03-04,798447,8,0.6941192208663044
2024-03-11,798447,8,0.6941192208663044
2024-03-18,798447,4,0.4061132399524352
2024-03-25,798447,1,0.11799912628282197
2024-04-01,798447,7,0.6295159264291073
2024-04-08,798447,7,0.6295159264291073
2024-04-15,798447,7,0.6295159264291073
2024-04-22,798447,2,0.22353248082757987
2024-04-29,798447,2,0.22353248082757987
2024-05-06,798447,3,0.3189840520502457
2024-05-13,798447,4,0.4061132399524352
2024-05-20,798447,4,0.4061132399524352
2024-05-27,798447,3,0.3189840520502457
2024-06-03,798447,7,0.6295159264291073
2024-06-10,798447,3,0.3189840520502457
2024-06-17,798447,5,0.48625562294317565
2024-06-24,798447,3,0.3189840520502457
2024-07-01,798447,8,0.6941192208663044
2024-07-08,798447,4,0.4061132399524352
2024-07-15,798447,5,0.48625562294317565
2024-07-22,798447,1,0.11799912628282197
2024-07-29,798447,5,0.48625562294317565
2024-08-05,798447,4,0.4061132399524352
2024-08-12,798447,7,0.6295159264291073
2024-08-19,798447,3,0.3189840520502457
2024-08-26,798447,5,0.48625562294317565
2024-09-02,798447,4,0.4061132399524352
2024-09-09,798447,4,0.4061132399524352
2024-09-16,798447,2,0.22353248082757987
2024-09-23,798447,0,0.0
2024-09-30,798447,1,0.11799912628282197
2024-10-07,798447,9,0.7548009921101629
2024-10-14,798447,2,0.22353248082757987
2024-10-21,798447,1,0.11799912628282197
2024-10-28,798447,5,0.48625562294317565
2024-11-04,798447,3,0.3189840520502457
2024-11-11,798447,3,0.3189840520502457
2024-11-18,798447,3,0.3189840520502457
2024-11-25,798447,6,0.5604490231762019
2024-12-02,798447,5,0.48625562294317565
2024-12-09,798447,1,0.11799912628282197
2024-12-16,798447,6,0.5604490231762019
2024-12-23,798447,4,0.4061132399524352
2024-12-30,798447,1,0.11799912628282197
