padecimiento,sexo,rmse,mae,mape,mase,mape_confiable,seasonality_mode,changepoint_prior_scale,seasonality_prior_scale,nivel,confianza,promedio_semanal,tiempo_cv_seg,tiempo_train_seg,tiempo_total_seg,poblacion,normalizado,archivo_modelo,Entidad
Depresión,incrementos_hombres,0.06635861875111475,0.05113753368888344,13.094681337629266,0.7935088968987085,True,multiplicative,0.03,0.5,nacional,normal,573.51,107.0,1.3,108.2,126014024,True,Prophet_Depresion_hombres.pkl,
Depresión,incrementos_mujeres,0.12143000415565115,0.09230991946069718,11.388322459884892,0.7798556130765962,True,additive,0.05,0.1,nacional,normal,1646.12,104.9,1.5,106.4,126014024,True,Prophet_Depresion_mujeres.pkl,
Depresión,incrementos_total,0.1353558896838729,0.10255491750948344,10.247147959150658,0.7657918161685551,True,additive,0.05,0.05,nacional,normal,2219.63,105.3,1.2,106.5,126014024,True,Prophet_Depresion_general.pkl,
Depresión,incrementos_hombres,0.15319616332106697,0.12158512252804286,169.6672538975226,0.525461487501616,True,additive,0.01,0.5,regional,normal,9.04,104.1,0.9,105.0,1425607,True,Prophet_Depresion_Aguascalientes_hombres.pkl,Aguascalientes
Depresión,incrementos_mujeres,0.22337395980538075,0.18157605064155063,25.753605039251944,0.5519142708584044,True,additive,0.01,0.5,regional,normal,24.7,109.4,1.3,110.7,1425607,True,Prophet_Depresion_Aguascalientes_mujeres.pkl,Aguascalientes
Depresión,incrementos_total,0.24805514578674667,0.20290001812173594,20.326850343880135,0.5643902881878039,True,additive,0.05,0.5,regional,normal,33.74,105.3,1.8,107.1,1425607,True,Prophet_Depresion_Aguascalientes_general.pkl,Aguascalientes
Depresión,incrementos_hombres,0.1360314471604665,0.11233993905244735,23.966125326291913,0.7192153412658662,True,multiplicative,0.05,0.5,regional,normal,20.83,95.9,1.4,97.3,3769020,True,Prophet_Depresion_Baja_California_hombres.pkl,Baja California
Depresión,incrementos_mujeres,0.15224659507600466,0.11604258625144655,13.450210014144233,0.5460940924897789,True,additive,0.05,0.05,regional,normal,54.44,97.9,1.0,98.9,3769020,True,Prophet_Depresion_Baja_California_mujeres.pkl,Baja California
Depresión,incrementos_total,0.17128832782780878,0.1310046073547297,11.735841452735796,0.5368047188928233,True,additive,0.05,0.1,regional,normal,75.27,97.0,1.2,98.3,3769020,True,Prophet_Depresion_Baja_California_general.pkl,Baja California
Depresión,incrementos_hombres,0.3775501798502914,0.3323966971176829,517.5586669957545,1.308751514493752,True,multiplicative,0.01,0.1,regional,normal,6.01,96.7,0.9,97.6,798447,True,Prophet_Depresion_Baja_California_Sur_hombres.pkl,Baja California Sur
Depresión,incrementos_mujeres,0.29960758361804196,0.23333654846485752,33.59780841245135,0.8443935468683238,True,multiplicative,0.01,0.025,regional,normal,13.19,94.6,1.1,95.7,798447,True,Prophet_Depresion_Baja_California_Sur_mujeres.pkl,Baja California Sur
Depresión,incrementos_total,0.3810357264744219,0.31427708717875175,28.800240486634774,1.0569983141452843,True,multiplicative,0.01,0.025,regional,normal,19.2,104.5,2.7,107.2,798447,True,Prophet_Depresion_Baja_California_Sur_general.pkl,Baja California Sur
Depresión,incrementos_hombres,0.19520917325353018,0.15740584121809195,41.96104132714652,0.7347730366313003,True,additive,0.01,0.025,regional,normal,6.11,96.7,1.0,97.7,928363,True,Prophet_Depresion_Campeche_hombres.pkl,Campeche
Depresión,incrementos_mujeres,0.2448106509170129,0.19131846417430934,27.892558113214072,0.7103431830105013,True,additive,0.01,0.025,regional,normal,16.19,108.2,1.7,109.9,928363,True,Prophet_Depresion_Campeche_mujeres.pkl,Campeche
Depresión,incrementos_total,0.2529167369568243,0.1907706827934351,20.632393804522774,0.6814260475956744,True,multiplicative,0.01,0.1,regional,normal,22.3,112.4,2.1,114.4,928363,True,Prophet_Depresion_Campeche_general.pkl,Campeche
Depresión,incrementos_hombres,0.07455402344843379,0.060144579246899456,176.7596199284846,1.0274608234111189,True,additive,0.01,0.5,regional,normal,7.43,106.8,2.2,109.0,5543828,True,Prophet_Depresion_Chiapas_hombres.pkl,Chiapas
Depresión,incrementos_mujeres,0.1675134599624925,0.13815345484285135,26.021813011119118,1.082745647021288,True,multiplicative,0.03,0.025,regional,normal,25.6,104.5,4.0,108.5,5543828,True,Prophet_Depresion_Chiapas_mujeres.pkl,Chiapas
Depresión,incrementos_total,0.19247848556946082,0.1617185491412411,25.737757660232003,1.1025193476415336,True,multiplicative,0.05,0.05,regional,normal,33.03,105.6,2.6,108.2,5543828,True,Prophet_Depresion_Chiapas_general.pkl,Chiapas
Depresión,incrementos_hombres,0.20270644277405836,0.1716695484987592,26.802101266850503,0.7173440238172202,True,multiplicative,0.05,0.5,regional,normal,43.7,139.1,2.0,141.1,3741869,True,Prophet_Depresion_Chihuahua_hombres.pkl,Chihuahua
Depresión,incrementos_mujeres,0.2838774247176953,0.22004198511244347,21.18774662971231,0.8814340897192994,True,additive,0.05,0.1,regional,normal,110.1,108.0,4.0,112.0,3741869,True,Prophet_Depresion_Chihuahua_mujeres.pkl,Chihuahua
Depresión,incrementos_total,0.30753821372275997,0.2445811994859985,18.09752352806847,0.8526068569754772,True,additive,0.05,0.5,regional,normal,153.8,136.3,2.4,138.7,3741869,True,Prophet_Depresion_Chihuahua_general.pkl,Chihuahua
Depresión,incrementos_hombres,0.14386140226216795,0.10690894087718826,16.49015348979733,0.7755540088581537,True,multiplicative,0.01,0.025,regional,normal,93.92,116.1,2.6,118.7,9209944,True,Prophet_Depresion_Ciudad_de_Mexico_hombres.pkl,Ciudad de México
Depresión,incrementos_mujeres,0.20953682227548448,0.15544411576233805,14.21164531252701,0.7322689335216165,True,additive,0.01,0.1,regional,normal,259.42,162.7,2.1,164.9,9209944,True,Prophet_Depresion_Ciudad_de_Mexico_mujeres.pkl,Ciudad de México
Depresión,incrementos_total,0.22122631852932698,0.15739740659683946,11.876427075837793,0.7297510934178219,True,additive,0.01,0.5,regional,normal,353.34,159.6,2.1,161.6,9209944,True,Prophet_Depresion_Ciudad_de_Mexico_general.pkl,Ciudad de México
Depresión,incrementos_hombres,0.1783586670213102,0.14648749730591898,64.76893388419457,1.0199892107783124,True,additive,0.05,0.025,regional,normal,9.28,161.1,3.0,164.2,3146771,True,Prophet_Depresion_Coahuila_hombres.pkl,Coahuila
Depresión,incrementos_mujeres,0.22135641820369628,0.1799195722644162,33.424428501384774,0.6427540559923569,True,multiplicative,0.05,0.1,regional,normal,25.89,161.0,2.8,163.8,3146771,True,Prophet_Depresion_Coahuila_mujeres.pkl,Coahuila
Depresión,incrementos_total,0.26249568615935487,0.2171071941500076,30.059877398996207,0.6630595720253198,True,additive,0.05,0.05,regional,normal,35.17,153.0,2.2,155.2,3146771,True,Prophet_Depresion_Coahuila_general.pkl,Coahuila
Depresión,incrementos_hombres,0.3617997864979244,0.29938712950219176,43.53873203538171,1.2138047720160883,True,additive,0.05,0.05,regional,normal,7.52,139.9,1.8,141.7,731391,True,Prophet_Depresion_Colima_hombres.pkl,Colima
Depresión,incrementos_mujeres,0.3459256470193255,0.28538148395733515,22.288028112298644,0.8727072591695457,True,multiplicative,0.01,0.05,regional,normal,20.94,161.5,2.0,163.5,731391,True,Prophet_Depresion_Colima_mujeres.pkl,Colima
Depresión,incrementos_total,0.38786449996324407,0.32149908964400276,19.446405333610908,0.9634734780070534,True,additive,0.05,0.025,regional,normal,28.45,169.8,2.0,171.8,731391,True,Prophet_Depresion_Colima_general.pkl,Colima
Depresión,incrementos_hombres,0.18871946824308314,0.15478103219133724,27.761818906666672,0.7130491028049816,True,additive,0.05,0.05,regional,normal,18.32,160.1,1.8,161.9,1832650,True,Prophet_Depresion_Durango_hombres.pkl,Durango
Depresión,incrementos_mujeres,0.284041317606141,0.23809063105383524,18.34920613322552,0.8679399169079025,True,multiplicative,0.03,0.025,regional,normal,59.33,175.1,2.5,177.6,1832650,True,Prophet_Depresion_Durango_mujeres.pkl,Durango
Depresión,incrementos_total,0.29244713068708517,0.2336687892526017,16.394216445919145,0.8136970749626105,True,additive,0.03,0.5,regional,normal,77.65,166.0,1.5,167.4,1832650,True,Prophet_Depresion_Durango_general.pkl,Durango
Depresión,incrementos_hombres,0.08628716578317307,0.07008363329218899,27.33422885283262,0.9278096271747971,True,multiplicative,0.01,0.025,regional,normal,13.36,136.2,1.5,137.7,6166934,True,Prophet_Depresion_Guanajuato_hombres.pkl,Guanajuato
Depresión,incrementos_mujeres,0.17009084525198986,0.13303204197602495,18.30609720287079,0.7982056050992539,True,multiplicative,0.01,0.5,regional,normal,49.8,142.7,2.5,145.2,6166934,True,Prophet_Depresion_Guanajuato_mujeres.pkl,Guanajuato
Depresión,incrementos_total,0.18088387831533032,0.14258455442203677,16.761526787844282,0.7742602633501405,True,multiplicative,0.01,0.1,regional,normal,63.16,137.6,2.9,140.5,6166934,True,Prophet_Depresion_Guanajuato_general.pkl,Guanajuato
Depresión,incrementos_hombres,0.13777730449180017,0.11133957711189948,396.0915192240456,0.8720392777146938,True,additive,0.03,0.5,regional,normal,8.45,127.4,1.9,129.2,3540685,True,Prophet_Depresion_Guerrero_hombres.pkl,Guerrero
Depresión,incrementos_mujeres,0.22564315203897575,0.18239448927224153,51.84038484681857,0.7380419130992231,True,additive,0.01,0.5,regional,normal,26.76,130.0,2.8,132.8,3540685,True,Prophet_Depresion_Guerrero_mujeres.pkl,Guerrero
Depresión,incrementos_total,0.2573377073811474,0.20471594742826418,45.08622404354883,0.7249003359185676,True,additive,0.01,0.1,regional,normal,35.21,130.3,2.3,132.6,3540685,True,Prophet_Depresion_Guerrero_general.pkl,Guerrero
Depresión,incrementos_hombres,0.09690212750719593,0.07793911316602967,387.70182563542454,0.6680434729534229,True,multiplicative,0.01,0.025,regional,normal,9.07,129.8,1.1,130.8,3082841,True,Prophet_Depresion_Hidalgo_hombres.pkl,Hidalgo
Depresión,incrementos_mujeres,0.2109031991401882,0.16917615547898374,23.567345400931817,0.8205080699525295,True,multiplicative,0.01,0.1,regional,normal,35.84,132.2,2.0,134.2,3082841,True,Prophet_Depresion_Hidalgo_mujeres.pkl,Hidalgo
Depresión,incrementos_total,0.21813185895756299,0.16658073545715732,22.03108797802673,0.7350886107827387,True,additive,0.01,0.05,regional,normal,44.91,136.5,1.9,138.3,3082841,True,Prophet_Depresion_Hidalgo_general.pkl,Hidalgo
Depresión,incrementos_hombres,0.11547520421796997,0.09308316245192312,19.932616728307323,0.7788859186654759,True,additive,0.05,0.5,regional,normal,48.07,142.1,1.9,144.0,8348151,True,Prophet_Depresion_Jalisco_hombres.pkl,Jalisco
Depresión,incrementos_mujeres,0.15353792894941273,0.11087018304993114,13.715632160251554,0.6734311799584959,True,multiplicative,0.01,0.025,regional,normal,126.85,142.6,1.7,144.3,8348151,True,Prophet_Depresion_Jalisco_mujeres.pkl,Jalisco
Depresión,incrementos_total,0.16643133941191585,0.12166425439804873,11.669535409017044,0.6616295416243921,True,multiplicative,0.01,0.1,regional,normal,174.92,144.4,2.7,147.1,8348151,True,Prophet_Depresion_Jalisco_general.pkl,Jalisco
Depresión,incrementos_hombres,0.1480159501356305,0.1218453381209171,29.639465008127704,1.0789415108791316,True,additive,0.03,0.025,regional,normal,19.72,121.4,2.4,123.8,4748846,True,Prophet_Depresion_Michoacan_hombres.pkl,Michoacán
Depresión,incrementos_mujeres,0.21077838335668847,0.17014274354168757,18.63413951994618,1.0741843832374203,True,additive,0.01,0.1,regional,normal,55.18,138.8,2.7,141.5,4748846,True,Prophet_Depresion_Michoacan_mujeres.pkl,Michoacán
Depresión,incrementos_total,0.22875005500437393,0.186637190916182,16.624362621908695,1.0377778326329565,True,multiplicative,0.01,0.5,regional,normal,74.9,132.7,3.1,135.8,4748846,True,Prophet_Depresion_Michoacan_general.pkl,Michoacán
Depresión,incrementos_hombres,0.1688690672041138,0.13088666828418724,37.45860799590115,0.623195212333003,True,multiplicative,0.01,0.05,regional,normal,11.15,108.6,1.8,110.4,1971520,True,Prophet_Depresion_Morelos_hombres.pkl,Morelos
Depresión,incrementos_mujeres,0.22365855526218548,0.17437255685770975,17.870831313919524,0.5564765322035183,True,multiplicative,0.05,0.1,regional,normal,38.72,127.3,2.2,129.5,1971520,True,Prophet_Depresion_Morelos_mujeres.pkl,Morelos
Depresión,incrementos_total,0.2325188267194322,0.18042147393233549,15.385108234750323,0.5295676320126802,True,additive,0.03,0.5,regional,normal,49.87,122.3,2.8,125.1,1971520,True,Prophet_Depresion_Morelos_general.pkl,Morelos
Depresión,incrementos_hombres,0.10661949065338046,0.08939153423865195,36.6872328798399,1.2568956917423695,True,additive,0.01,0.025,regional,normal,45.03,152.8,1.9,154.7,16992418,True,Prophet_Depresion_Mexico_hombres.pkl,México
Depresión,incrementos_mujeres,0.18364721073489174,0.1572564707912058,24.833593119455298,1.2153684545556633,True,additive,0.01,0.05,regional,normal,134.69,148.3,2.0,150.3,16992418,True,Prophet_Depresion_Mexico_mujeres.pkl,México
Depresión,incrementos_total,0.2142270471802367,0.18458277431799155,23.67019064820406,1.2192580749096107,True,additive,0.01,0.1,regional,normal,179.73,149.9,2.3,152.2,16992418,True,Prophet_Depresion_Mexico_general.pkl,México
Depresión,incrementos_hombres,0.2608603387185959,0.2070627040798894,236.01142296411732,0.7761562385047691,True,multiplicative,0.01,0.025,regional,normal,14.04,151.9,1.7,153.6,1235456,True,Prophet_Depresion_Nayarit_hombres.pkl,Nayarit
Depresión,incrementos_mujeres,0.3710736334772764,0.29885125771261656,26.712805381109572,0.8423978208557645,True,multiplicative,0.01,0.5,regional,normal,38.7,160.8,2.9,163.7,1235456,True,Prophet_Depresion_Nayarit_mujeres.pkl,Nayarit
Depresión,incrementos_total,0.3641415286474647,0.2911974268018354,20.150414025468336,0.8099093108736134,True,multiplicative,0.01,0.1,regional,normal,52.74,159.0,2.6,161.6,1235456,True,Prophet_Depresion_Nayarit_general.pkl,Nayarit
Depresión,incrementos_hombres,0.09952719261352878,0.07818251796315845,26.452293491612952,0.8003384627512509,True,additive,0.01,0.025,regional,normal,19.88,152.3,2.6,154.9,5784442,True,Prophet_Depresion_Nuevo_Leon_hombres.pkl,Nuevo León
Depresión,incrementos_mujeres,0.16001671052791452,0.12225009236515635,17.738524288955194,0.7804168389070231,True,additive,0.01,0.5,regional,normal,56.5,147.2,1.5,148.7,5784442,True,Prophet_Depresion_Nuevo_Leon_mujeres.pkl,Nuevo León
Depresión,incrementos_total,0.17107119915126315,0.13280094023039854,15.284992543757998,0.7433504238951699,True,additive,0.01,0.5,regional,normal,76.38,155.0,1.5,156.5,5784442,True,Prophet_Depresion_Nuevo_Leon_general.pkl,Nuevo León
Depresión,incrementos_hombres,0.10501774267241386,0.08483493614494643,256.53994101230774,0.927082798042111,True,additive,0.05,0.5,regional,normal,8.47,150.3,2.2,152.5,4132148,True,Prophet_Depresion_Oaxaca_hombres.pkl,Oaxaca
Depresión,incrementos_mujeres,0.1694881640182425,0.1398650094720277,40.48502531738505,0.8107652897798167,True,additive,0.03,0.1,regional,normal,22.5,124.2,2.6,126.8,4132148,True,Prophet_Depresion_Oaxaca_mujeres.pkl,Oaxaca
Depresión,incrementos_total,0.19228631801418672,0.15635559805855906,34.08393482912957,0.775045930375877,True,additive,0.05,0.5,regional,normal,30.98,127.3,2.4,129.7,4132148,True,Prophet_Depresion_Oaxaca_general.pkl,Oaxaca
Depresión,incrementos_hombres,0.13821687216492248,0.11079272676094416,392.62482051576944,0.9649257924359406,True,multiplicative,0.01,0.025,regional,normal,17.09,134.4,1.7,136.1,6583278,True,Prophet_Depresion_Puebla_hombres.pkl,Puebla
Depresión,incrementos_mujeres,0.22586941007131991,0.1741847591733746,242.47389377183262,0.9223840010533922,True,multiplicative,0.01,0.05,regional,normal,43.59,137.1,1.5,138.6,6583278,True,Prophet_Depresion_Puebla_mujeres.pkl,Puebla
Depresión,incrementos_total,0.25357266481595053,0.19948315443358736,34.78510988341029,0.8788715077618235,True,multiplicative,0.01,0.025,regional,normal,60.68,137.9,1.8,139.7,6583278,True,Prophet_Depresion_Puebla_general.pkl,Puebla
Depresión,incrementos_hombres,0.08743926970279413,0.07110079770512104,391.1987198630066,0.7789769056852486,True,multiplicative,0.03,0.05,regional,normal,3.88,135.0,2.0,137.0,2368467,True,Prophet_Depresion_Queretaro_hombres.pkl,Querétaro
Depresión,incrementos_mujeres,0.18570696292291897,0.14293123173269495,35.304173130842685,0.8303445124814489,True,additive,0.01,0.5,regional,normal,13.38,150.7,2.8,153.5,2368467,True,Prophet_Depresion_Queretaro_mujeres.pkl,Querétaro
Depresión,incrementos_total,0.1962213012156962,0.151201155639787,28.145776665258975,0.7849252907322366,True,additive,0.01,0.025,regional,normal,17.27,154.7,2.2,156.9,2368467,True,Prophet_Depresion_Queretaro_general.pkl,Querétaro
Depresión,incrementos_hombres,0.14940839384574447,0.1167065092197519,184.29382516345223,0.7964815512739533,True,multiplicative,0.01,0.05,regional,normal,5.97,134.0,1.4,135.5,1857985,True,Prophet_Depresion_Quintana_Roo_hombres.pkl,Quintana Roo
Depresión,incrementos_mujeres,0.19657749423063128,0.15910555935750864,25.18620363593391,0.6310868758810458,True,multiplicative,0.01,0.025,regional,normal,17.87,146.8,2.8,149.6,1857985,True,Prophet_Depresion_Quintana_Roo_mujeres.pkl,Quintana Roo
Depresión,incrementos_total,0.21997820057039602,0.17634010967128352,22.4852425147041,0.6415137420118955,True,multiplicative,0.01,0.05,regional,normal,23.84,146.7,1.8,148.5,1857985,True,Prophet_Depresion_Quintana_Roo_general.pkl,Quintana Roo
Depresión,incrementos_hombres,0.14096764311281426,0.11330406577437782,311.9045730773858,0.7169948173258661,True,additive,0.01,0.1,regional,normal,13.67,141.1,1.8,142.8,2822255,True,Prophet_Depresion_San_Luis_Potosi_hombres.pkl,San Luis Potosí
Depresión,incrementos_mujeres,0.18726126254960399,0.15219324657929967,19.331682837071195,0.7663607330787714,True,multiplicative,0.01,0.025,regional,normal,41.63,156.3,2.1,158.3,2822255,True,Prophet_Depresion_San_Luis_Potosi_mujeres.pkl,San Luis Potosí
Depresión,incrementos_total,0.20577383429627435,0.16887353167345406,17.289042497090303,0.7801923453564941,True,multiplicative,0.01,0.025,regional,normal,55.29,152.1,2.0,154.1,2822255,True,Prophet_Depresion_San_Luis_Potosi_general.pkl,San Luis Potosí
Depresión,incrementos_hombres,0.1456558403865665,0.11979673235097231,304.3332503842448,0.7767463988539417,True,multiplicative,0.01,0.025,regional,normal,18.64,129.5,1.8,131.2,3026943,True,Prophet_Depresion_Sinaloa_hombres.pkl,Sinaloa
Depresión,incrementos_mujeres,0.2032599615702694,0.15874742007814238,17.108151875244673,0.7367053929771629,True,additive,0.03,0.5,regional,normal,57.82,140.6,1.5,142.1,3026943,True,Prophet_Depresion_Sinaloa_mujeres.pkl,Sinaloa
Depresión,incrementos_total,0.2201659870153277,0.1786786481973184,15.477183595705954,0.7835339583545358,True,additive,0.03,0.025,regional,normal,76.47,148.9,2.1,151.0,3026943,True,Prophet_Depresion_Sinaloa_general.pkl,Sinaloa
Depresión,incrementos_hombres,0.153684375621457,0.12345450237362122,40.53800864417495,0.9179382882648047,True,multiplicative,0.05,0.1,regional,normal,12.26,125.2,1.9,127.2,2944840,True,Prophet_Depresion_Sonora_hombres.pkl,Sonora
Depresión,incrementos_mujeres,0.24615333400233083,0.2051475865223258,23.192159257542876,0.9827958771927461,True,multiplicative,0.01,0.05,regional,normal,39.49,119.2,2.3,121.5,2944840,True,Prophet_Depresion_Sonora_mujeres.pkl,Sonora
Depresión,incrementos_total,0.2693316603529086,0.22627761270042596,21.255765339595275,1.0036917863469115,True,multiplicative,0.01,0.05,regional,normal,51.74,120.3,2.1,122.3,2944840,True,Prophet_Depresion_Sonora_general.pkl,Sonora
Depresión,incrementos_hombres,0.25056915758370873,0.20304027310759284,177.1915218842758,1.1162688390825342,True,additive,0.05,0.05,regional,normal,12.87,202.2,2.4,204.6,2402598,True,Prophet_Depresion_Tabasco_hombres.pkl,Tabasco
Depresión,incrementos_mujeres,0.30524421105073063,0.24979881478863655,31.685785396564622,0.9149249821323957,True,additive,0.05,0.025,regional,normal,32.87,202.9,2.9,205.8,2402598,True,Prophet_Depresion_Tabasco_mujeres.pkl,Tabasco
Depresión,incrementos_total,0.33262118665731505,0.26717179824202936,25.455867550375405,0.862125079145197,True,additive,0.03,0.025,regional,normal,45.74,200.6,2.9,203.5,2402598,True,Prophet_Depresion_Tabasco_general.pkl,Tabasco
Depresión,incrementos_hombres,0.14245946334857357,0.11104846096704225,31.476060646058833,0.6649196209398242,True,multiplicative,0.03,0.1,regional,normal,23.96,130.2,1.5,131.6,3527735,True,Prophet_Depresion_Tamaulipas_hombres.pkl,Tamaulipas
Depresión,incrementos_mujeres,0.17453532309518976,0.13852140946429511,15.549768225423877,0.6877314516126825,True,additive,0.03,0.025,regional,normal,56.14,125.7,1.2,126.9,3527735,True,Prophet_Depresion_Tamaulipas_mujeres.pkl,Tamaulipas
Depresión,incrementos_total,0.1970197148347916,0.15572075901999052,15.111346164406074,0.6992000545908776,True,multiplicative,0.01,0.1,regional,normal,80.1,130.4,2.0,132.4,3527735,True,Prophet_Depresion_Tamaulipas_general.pkl,Tamaulipas
Depresión,incrementos_hombres,0.1544070794234937,0.12824109779738968,522.5543500836974,0.982033451686945,True,multiplicative,0.01,0.025,regional,normal,3.47,102.6,1.5,104.1,1342977,True,Prophet_Depresion_Tlaxcala_hombres.pkl,Tlaxcala
Depresión,incrementos_mujeres,0.23127300998205344,0.18395446236404744,27.344925236914005,0.8822223778725855,True,additive,0.01,0.025,regional,normal,11.6,113.2,1.5,114.8,1342977,True,Prophet_Depresion_Tlaxcala_mujeres.pkl,Tlaxcala
Depresión,incrementos_total,0.23838403959551974,0.19329120736450928,23.548024302305254,0.8351398937043193,True,multiplicative,0.01,0.05,regional,normal,15.07,101.0,1.1,102.1,1342977,True,Prophet_Depresion_Tlaxcala_general.pkl,Tlaxcala
Depresión,incrementos_hombres,0.08485677234660725,0.06598146247880428,27.002726879382426,0.7165764699960262,True,multiplicative,0.03,0.05,regional,normal,25.64,122.1,1.1,123.2,8062579,True,Prophet_Depresion_Veracruz_hombres.pkl,Veracruz
Depresión,incrementos_mujeres,0.16217106725049965,0.12067347034331236,26.093659670998417,0.6858804780830358,True,multiplicative,0.05,0.1,regional,normal,82.33,118.8,1.0,119.8,8062579,True,Prophet_Depresion_Veracruz_mujeres.pkl,Veracruz
Depresión,incrementos_total,0.17775181652629155,0.12727532678966144,19.647757497023413,0.6548065993906798,True,additive,0.05,0.1,regional,normal,107.98,112.8,1.3,114.0,8062579,True,Prophet_Depresion_Veracruz_general.pkl,Veracruz
Depresión,incrementos_hombres,0.18486889195758902,0.15070594361560216,34.610584396662354,0.9986763728211031,True,additive,0.05,0.05,regional,normal,8.98,105.7,0.9,106.6,2320898,True,Prophet_Depresion_Yucatan_hombres.pkl,Yucatán
Depresión,incrementos_mujeres,0.24973350111463857,0.2054124592613884,20.807323562402782,0.8355027258879486,True,additive,0.03,0.5,regional,normal,29.76,107.8,0.9,108.6,2320898,True,Prophet_Depresion_Yucatan_mujeres.pkl,Yucatán
Depresión,incrementos_total,0.28265122260212655,0.23185143909549227,19.013486181661808,0.8407201459817062,True,additive,0.03,0.1,regional,normal,38.75,104.5,0.7,105.2,2320898,True,Prophet_Depresion_Yucatan_general.pkl,Yucatán
Depresión,incrementos_hombres,0.16491915445730423,0.13796682234115837,170.34386099710986,0.897302283066523,True,multiplicative,0.01,0.025,regional,normal,7.68,89.1,0.7,89.8,1622138,True,Prophet_Depresion_Zacatecas_hombres.pkl,Zacatecas
Depresión,incrementos_mujeres,0.2225921559509916,0.18297382125416314,19.309746590387526,0.8409712421207194,True,multiplicative,0.01,0.1,regional,normal,24.28,88.2,0.6,88.8,1622138,True,Prophet_Depresion_Zacatecas_mujeres.pkl,Zacatecas
Depresión,incrementos_total,0.244856664904639,0.20346781671763517,18.501671347871984,0.8912553642839356,True,multiplicative,0.01,0.05,regional,normal,31.95,87.5,0.6,88.2,1622138,True,Prophet_Depresion_Zacatecas_general.pkl,Zacatecas
