numero,padecimiento,entidad,sexo,prophet_rmse,prophet_mae,prophet_smape,prophet_mase,deepar_rmse,deepar_mae,deepar_smape,deepar_mase,ensemble_rmse,ensemble_mae,ensemble_smape,ensemble_mase,stacking_rmse,stacking_mae,stacking_smape,stacking_mase,mejor_rmse,mejor_mae,mejor_smape,mejor_mase,victorias,modelo_produccion,justificacion
1,Alzheimer,Nacional,hombres,5.1668,4.2177,24.2449,0.5729,5.1727,4.1478,27.0233,0.5869,5.4077,4.2353,25.9458,0.5993,4.9851,3.6628,23.1409,0.5191,Stacking,Stacking,Stacking,Stacking,4/4,Stacking,"Stacking gana por margen minimo (RMSE 4.99 vs Prophet 5.17, -3.5%). Gana en 4/4 metricas. MASE=0.52 supera naive seasonal."
2,Alzheimer,Nacional,mujeres,7.7588,6.2975,23.6471,0.5713,7.7326,6.4609,25.5935,0.6234,7.2736,5.3062,21.4806,0.512,7.0196,5.3851,21.4723,0.5196,Stacking,Ensemble,Stacking,Ensemble,2/4,Ensemble,Ensemble elegido por desempate MASE/MAE (RMSE 7.27 vs Stacking 7.02). Gana en 2/4 metricas. MASE=0.51 supera naive seasonal.
3,Alzheimer,Nacional,general,10.8258,9.0505,20.3483,0.5532,8.3331,6.9236,17.3755,0.4491,10.0289,7.363,18.013,0.4776,9.6775,7.1563,17.5652,0.4645,DeepAR,DeepAR,DeepAR,DeepAR,4/4,DeepAR,DeepAR domina con RMSE 8.33 (vs Stacking 9.68). Gana en 4/4 metricas. MASE=0.45 supera naive seasonal.
4,Alzheimer,Aguascalientes,hombres,0.3983,0.2599,193.7448,0.9829,0.4385,0.1539,199.9975,0.5821,0.4325,0.3141,190.8599,1.1883,0.4264,0.1455,200.0,0.5502,Prophet,Stacking,Ensemble,Stacking,1/4,Prophet,Prophet domina con RMSE 0.40 (vs Stacking 0.43). MASE=0.98 supera naive seasonal. Serie de bajo volumen.
5,Alzheimer,Aguascalientes,mujeres,0.3443,0.2906,190.9474,0.6243,0.3668,0.1349,199.9807,0.2921,0.4035,0.3712,187.8256,0.7974,0.3568,0.1273,200.0,0.2734,Prophet,Stacking,Ensemble,Stacking,2/4,Stacking,Stacking elegido por desempate MASE/MAE (RMSE 0.36 vs Prophet 0.34). Gana en 2/4 metricas. MASE=0.27 supera naive seasonal. Serie de bajo volumen.
6,Alzheimer,Aguascalientes,general,0.4883,0.4464,174.112,0.7082,0.2668,0.1807,158.2539,0.2866,0.7766,0.7188,167.6286,1.1405,0.556,0.2727,200.0,0.4327,DeepAR,DeepAR,DeepAR,DeepAR,4/4,DeepAR,DeepAR domina con RMSE 0.27 (vs Prophet 0.49). Gana en 4/4 metricas. MASE=0.29 supera naive seasonal. Serie de bajo volumen.
7,Alzheimer,Baja California,hombres,0.8273,0.7093,143.5874,0.8111,0.4734,0.289,160.5751,0.3452,0.8027,0.712,150.7364,0.8466,0.685,0.3665,199.4413,0.4358,DeepAR,DeepAR,Prophet,DeepAR,3/4,DeepAR,DeepAR domina con RMSE 0.47 (vs Stacking 0.68). Gana en 3/4 metricas. MASE=0.35 supera naive seasonal. Serie de bajo volumen.
8,Alzheimer,Baja California,mujeres,1.1308,0.9486,84.7283,0.642,0.3757,0.2127,125.1784,0.1512,1.1259,0.9476,135.3963,0.6693,1.1077,0.826,157.9425,0.5835,DeepAR,DeepAR,Prophet,DeepAR,3/4,DeepAR,DeepAR domina con RMSE 0.38 (vs Stacking 1.11). Gana en 3/4 metricas. MASE=0.15 supera naive seasonal.
9,Alzheimer,Baja California,general,1.5666,1.2922,76.5075,0.644,0.5625,0.3589,94.3537,0.1883,1.4304,1.2147,105.1496,0.6328,1.2648,1.01,116.0803,0.5262,DeepAR,DeepAR,Prophet,DeepAR,3/4,DeepAR,DeepAR domina con RMSE 0.56 (vs Stacking 1.26). Gana en 3/4 metricas. MASE=0.19 supera naive seasonal.
10,Alzheimer,Baja California Sur,hombres,0.0,0.0,0.0,,0.0,0.0,200.0,,0.0,0.0,0.0,,0.0,0.0,0.0,,Prophet,Prophet,Prophet,,3/3,Prophet,Prophet elegido por desempate MASE/MAE (RMSE 0.00 vs Ensemble 0.00). Gana en 3/3 metricas.
11,Alzheimer,Baja California Sur,mujeres,0.0,0.0,0.0,,0.0,0.0,200.0,,0.0,0.0,0.0,,0.0,0.0,0.0,,Prophet,Prophet,Prophet,,3/3,Prophet,Prophet elegido por desempate MASE/MAE (RMSE 0.00 vs Ensemble 0.00). Gana en 3/3 metricas.
12,Alzheimer,Baja California Sur,general,0.0,0.0,0.0,,0.0,0.0,200.0,,0.0,0.0,0.0,,0.0,0.0,0.0,,Prophet,Prophet,Prophet,,3/3,Prophet,Prophet elegido por desempate MASE/MAE (RMSE 0.00 vs Ensemble 0.00). Gana en 3/3 metricas.
13,Alzheimer,Campeche,hombres,0.4159,0.3754,181.1516,0.9242,0.3724,0.2143,189.3409,0.5277,0.7347,0.6749,167.3514,1.6618,0.4671,0.2182,200.0,0.5372,DeepAR,DeepAR,Ensemble,DeepAR,3/4,DeepAR,DeepAR domina con RMSE 0.37 (vs Prophet 0.42). Gana en 3/4 metricas. MASE=0.53 supera naive seasonal. Serie de bajo volumen.
14,Alzheimer,Campeche,mujeres,0.4401,0.3107,189.795,0.7114,0.4599,0.1731,199.9952,0.3964,0.4427,0.309,190.2062,0.7074,0.4862,0.2,200.0,0.4579,Prophet,DeepAR,Prophet,DeepAR,2/4,DeepAR,DeepAR elegido por desempate MASE/MAE (RMSE 0.46 vs Prophet 0.44). Gana en 2/4 metricas. MASE=0.40 supera naive seasonal. Serie de bajo volumen.
15,Alzheimer,Campeche,general,0.7946,0.6527,156.2818,0.8978,0.6325,0.3391,183.6737,0.4562,0.7178,0.6076,170.3523,0.8174,0.7977,0.4182,200.0,0.5626,DeepAR,DeepAR,Prophet,DeepAR,3/4,DeepAR,DeepAR domina con RMSE 0.63 (vs Ensemble 0.72). Gana en 3/4 metricas. MASE=0.46 supera naive seasonal. Serie de bajo volumen.
16,Alzheimer,Chiapas,hombres,0.6745,0.5724,163.1259,0.9894,0.6486,0.4501,169.2222,0.7831,0.7113,0.586,163.7635,1.0128,0.7862,0.4,200.0,0.6914,DeepAR,Stacking,Prophet,Stacking,1/4,DeepAR,"DeepAR gana por margen minimo (RMSE 0.65 vs Prophet 0.67, -3.8%). MASE=0.78 supera naive seasonal. Serie de bajo volumen."
17,Alzheimer,Chiapas,mujeres,0.7475,0.652,151.1257,0.8855,0.7527,0.4937,164.7447,0.6853,0.819,0.6522,159.4235,0.9031,0.9342,0.5091,200.0,0.7049,Prophet,DeepAR,Prophet,DeepAR,2/4,DeepAR,DeepAR elegido por desempate MASE/MAE (RMSE 0.75 vs Prophet 0.75). Gana en 2/4 metricas. MASE=0.69 supera naive seasonal. Serie de bajo volumen.
18,Alzheimer,Chiapas,general,1.1695,0.8774,108.6205,0.8044,0.9362,0.6103,117.1567,0.5589,1.0941,0.8525,113.2978,0.7766,1.3242,0.8926,176.7832,0.8131,DeepAR,DeepAR,Prophet,DeepAR,3/4,DeepAR,DeepAR domina con RMSE 0.94 (vs Ensemble 1.09). Gana en 3/4 metricas. MASE=0.56 supera naive seasonal.
19,Alzheimer,Chihuahua,hombres,1.027,0.8219,74.5539,0.5878,1.0401,0.6236,60.9666,0.4704,1.3821,0.9948,75.5042,0.7504,1.5198,0.9952,83.6896,0.7507,Prophet,DeepAR,DeepAR,DeepAR,3/4,DeepAR,DeepAR elegido por desempate MASE/MAE (RMSE 1.04 vs Prophet 1.03). Gana en 3/4 metricas. MASE=0.47 supera naive seasonal.
20,Alzheimer,Chihuahua,mujeres,1.4797,1.2017,60.6955,0.5859,0.3609,0.1726,5.4531,0.0898,1.8649,1.507,54.6663,0.7843,1.6643,1.3766,49.6935,0.7164,DeepAR,DeepAR,DeepAR,DeepAR,4/4,DeepAR,DeepAR domina con RMSE 0.36 (vs Prophet 1.48). Gana en 4/4 metricas. MASE=0.09 supera naive seasonal.
21,Alzheimer,Chihuahua,general,1.8324,1.5169,46.5194,0.5363,1.3696,0.7877,16.6972,0.3039,2.7182,2.1681,51.1091,0.8365,2.4692,2.006,46.813,0.7739,DeepAR,DeepAR,DeepAR,DeepAR,4/4,DeepAR,DeepAR domina con RMSE 1.37 (vs Prophet 1.83). Gana en 4/4 metricas. MASE=0.30 supera naive seasonal.
22,Alzheimer,Ciudad de México,hombres,0.8884,0.7254,144.4831,0.5655,0.8807,0.5361,173.0729,0.4603,0.8328,0.6599,144.8676,0.5666,1.0,0.6,200.0,0.5151,Ensemble,DeepAR,Prophet,DeepAR,1/4,Ensemble,Ensemble domina con RMSE 0.83 (vs DeepAR 0.88). MASE=0.57 supera naive seasonal.
23,Alzheimer,Ciudad de México,mujeres,1.3952,1.1459,95.6495,0.7091,0.3525,0.1815,89.85,0.1183,1.3452,1.156,103.127,0.7534,1.084,0.9218,121.039,0.6007,DeepAR,DeepAR,DeepAR,DeepAR,4/4,DeepAR,DeepAR domina con RMSE 0.35 (vs Stacking 1.08). Gana en 4/4 metricas. MASE=0.12 supera naive seasonal.
24,Alzheimer,Ciudad de México,general,1.7449,1.3004,79.9426,0.5744,0.7155,0.3915,62.7212,0.1853,1.643,1.433,88.5835,0.6782,1.4866,1.268,92.2988,0.6001,DeepAR,DeepAR,DeepAR,DeepAR,4/4,DeepAR,DeepAR domina con RMSE 0.72 (vs Stacking 1.49). Gana en 4/4 metricas. MASE=0.19 supera naive seasonal.
25,Alzheimer,Coahuila,hombres,0.987,0.7783,127.334,0.9543,1.4568,0.915,185.4901,1.0758,1.2517,0.964,137.9763,1.1334,1.4793,0.919,187.6992,1.0805,Prophet,Prophet,Prophet,Prophet,4/4,Prophet,Prophet domina con RMSE 0.99 (vs Ensemble 1.25). Gana en 4/4 metricas. MASE=0.95 supera naive seasonal.
26,Alzheimer,Coahuila,mujeres,1.2548,0.8837,130.8626,0.8916,1.4586,1.0528,132.1759,1.033,1.5019,1.0379,130.9303,1.0164,1.5886,1.0232,151.5346,1.0021,Prophet,Prophet,Prophet,Prophet,4/4,Prophet,Prophet domina con RMSE 1.25 (vs DeepAR 1.46). Gana en 4/4 metricas. MASE=0.89 supera naive seasonal.
27,Alzheimer,Coahuila,general,1.7572,1.2548,89.4317,0.8068,1.9941,1.3708,98.9117,0.8812,2.2051,1.759,108.6305,1.1294,2.2777,1.6987,115.1181,1.0906,Prophet,Prophet,Prophet,Prophet,4/4,Prophet,Prophet domina con RMSE 1.76 (vs DeepAR 1.99). Gana en 4/4 metricas. MASE=0.81 supera naive seasonal.
28,Alzheimer,Colima,hombres,0.8843,0.6642,148.1774,1.2747,0.6669,0.5254,163.5046,1.0082,0.8964,0.663,152.5633,1.2724,1.0357,0.5273,200.0,1.0119,DeepAR,DeepAR,Prophet,DeepAR,3/4,DeepAR,DeepAR domina con RMSE 0.67 (vs Prophet 0.88). Gana en 3/4 metricas. Serie de bajo volumen.
29,Alzheimer,Colima,mujeres,1.0312,0.873,130.9171,1.2401,1.0399,0.6391,176.5522,0.8299,1.0981,0.8252,153.4995,1.0715,1.2752,0.7177,194.5717,0.932,Prophet,DeepAR,Prophet,DeepAR,2/4,DeepAR,DeepAR elegido por desempate MASE/MAE (RMSE 1.04 vs Prophet 1.03). Gana en 2/4 metricas. MASE=0.83 supera naive seasonal. Serie de bajo volumen.
30,Alzheimer,Colima,general,1.3594,1.1487,107.1693,1.0877,1.1593,0.8204,123.5034,0.7283,1.5203,1.1163,107.5862,0.991,1.7127,1.1504,150.6632,1.0213,DeepAR,DeepAR,Prophet,DeepAR,3/4,DeepAR,DeepAR domina con RMSE 1.16 (vs Prophet 1.36). Gana en 3/4 metricas. MASE=0.73 supera naive seasonal.
31,Alzheimer,Durango,hombres,1.1382,0.7985,145.686,1.2443,1.093,0.7769,159.6852,1.2106,1.1753,0.789,151.3548,1.2295,1.2577,0.7091,200.0,1.1049,DeepAR,Stacking,Prophet,Stacking,1/4,DeepAR,"DeepAR gana por margen minimo (RMSE 1.09 vs Prophet 1.14, -4.0%). Serie de bajo volumen."
32,Alzheimer,Durango,mujeres,0.8584,0.7125,136.6263,0.9529,0.8249,0.4354,167.1966,0.5653,0.9592,0.8074,144.8106,1.0458,1.0092,0.5795,188.7969,0.7506,DeepAR,DeepAR,Prophet,DeepAR,3/4,DeepAR,"DeepAR gana por margen minimo (RMSE 0.82 vs Prophet 0.86, -3.9%). Gana en 3/4 metricas. MASE=0.57 supera naive seasonal. Serie de bajo volumen."
33,Alzheimer,Durango,general,1.1586,0.8864,101.32,0.7653,1.3791,0.8252,115.8076,0.7215,1.7626,1.2828,114.7449,1.1197,1.7026,1.1414,117.3705,0.9964,Prophet,DeepAR,Prophet,DeepAR,2/4,Prophet,Prophet domina con RMSE 1.16 (vs DeepAR 1.38). Gana en 2/4 metricas. MASE=0.77 supera naive seasonal.
34,Alzheimer,Guanajuato,hombres,0.5895,0.5333,161.4401,0.895,0.617,0.4861,159.6277,0.8159,0.6364,0.5156,177.1223,0.8655,0.7135,0.4,200.0,0.6714,Prophet,Stacking,DeepAR,Stacking,1/4,DeepAR,DeepAR elegido por desempate MASE/MAE (RMSE 0.62 vs Prophet 0.59). MASE=0.82 supera naive seasonal. Serie de bajo volumen.
35,Alzheimer,Guanajuato,mujeres,0.8106,0.6598,133.2101,0.7807,0.8614,0.6194,107.1,0.7433,0.8941,0.7188,101.9477,0.8626,1.298,0.9987,199.2836,1.1984,Prophet,DeepAR,Ensemble,DeepAR,1/4,Prophet,Prophet domina con RMSE 0.81 (vs DeepAR 0.86). MASE=0.78 supera naive seasonal.
36,Alzheimer,Guanajuato,general,1.0251,0.7506,88.8864,0.6297,0.5592,0.3081,59.2451,0.2663,1.2463,0.9705,86.279,0.8388,1.4453,1.0767,111.7684,0.9305,DeepAR,DeepAR,DeepAR,DeepAR,4/4,DeepAR,DeepAR domina con RMSE 0.56 (vs Prophet 1.03). Gana en 4/4 metricas. MASE=0.27 supera naive seasonal.
37,Alzheimer,Guerrero,hombres,0.4516,0.3258,188.1466,0.7237,0.4831,0.2497,192.0338,0.557,0.4548,0.3539,184.8786,0.7861,0.5045,0.2182,200.0,0.4846,Prophet,Stacking,Ensemble,Stacking,1/4,Prophet,"Prophet gana por margen minimo (RMSE 0.45 vs Ensemble 0.45, -0.7%). MASE=0.72 supera naive seasonal. Serie de bajo volumen."
38,Alzheimer,Guerrero,mujeres,0.6192,0.5219,166.8452,0.854,0.6891,0.4773,181.5762,0.781,0.6496,0.5145,172.1907,0.8419,0.7385,0.4,200.0,0.6545,Prophet,Stacking,Prophet,Stacking,0/4,Ensemble,Ensemble elegido por desempate MASE/MAE (RMSE 0.65 vs Prophet 0.62). MASE=0.84 supera naive seasonal. Serie de bajo volumen.
39,Alzheimer,Guerrero,general,0.8701,0.6913,152.1437,0.7791,0.8905,0.6192,161.1201,0.7088,0.8177,0.6314,153.096,0.7228,1.0047,0.6186,195.2839,0.7081,Ensemble,Stacking,Prophet,Stacking,1/4,Ensemble,Ensemble domina con RMSE 0.82 (vs Prophet 0.87). MASE=0.72 supera naive seasonal. Serie de bajo volumen.
40,Alzheimer,Hidalgo,hombres,0.4712,0.3652,189.0861,0.8147,0.5,0.1731,199.9968,0.3862,0.4641,0.2999,191.0849,0.6689,0.4862,0.1636,200.0,0.365,Ensemble,Stacking,Prophet,Stacking,2/4,Stacking,Stacking elegido por desempate MASE/MAE (RMSE 0.49 vs Ensemble 0.46). Gana en 2/4 metricas. MASE=0.37 supera naive seasonal. Serie de bajo volumen.
41,Alzheimer,Hidalgo,mujeres,0.8007,0.667,160.1521,1.1645,0.7869,0.4322,172.9753,0.7546,0.8322,0.6257,168.307,1.0924,0.9723,0.5455,200.0,0.9523,DeepAR,DeepAR,Prophet,DeepAR,3/4,DeepAR,"DeepAR gana por margen minimo (RMSE 0.79 vs Prophet 0.80, -1.7%). Gana en 3/4 metricas. MASE=0.75 supera naive seasonal. Serie de bajo volumen."
42,Alzheimer,Hidalgo,general,0.7772,0.6663,136.6997,0.7321,0.8248,0.5019,156.8239,0.5733,0.917,0.772,149.0156,0.8819,1.1521,0.7091,200.0,0.8099,Prophet,DeepAR,Prophet,DeepAR,2/4,Prophet,Prophet domina con RMSE 0.78 (vs DeepAR 0.82). Gana en 2/4 metricas. MASE=0.73 supera naive seasonal.
43,Alzheimer,Jalisco,hombres,1.549,1.3198,78.992,0.7652,0.9536,0.5662,81.9354,0.3313,2.2353,1.5651,97.701,0.9129,2.3576,1.3058,106.7292,0.7616,DeepAR,DeepAR,Prophet,DeepAR,3/4,DeepAR,DeepAR domina con RMSE 0.95 (vs Prophet 1.55). Gana en 3/4 metricas. MASE=0.33 supera naive seasonal.
44,Alzheimer,Jalisco,mujeres,2.0306,1.6557,64.9474,0.8152,1.2909,0.8339,64.6262,0.4023,2.1034,1.5999,80.5962,0.7718,2.004,1.4207,77.8193,0.6854,DeepAR,DeepAR,DeepAR,DeepAR,4/4,DeepAR,DeepAR domina con RMSE 1.29 (vs Stacking 2.00). Gana en 4/4 metricas. MASE=0.40 supera naive seasonal.
45,Alzheimer,Jalisco,general,2.8166,2.2605,53.3449,0.7682,2.4464,1.2588,41.0523,0.4226,3.5499,2.4743,65.981,0.8306,3.5907,2.1506,59.3044,0.7219,DeepAR,DeepAR,DeepAR,DeepAR,4/4,DeepAR,DeepAR domina con RMSE 2.45 (vs Prophet 2.82). Gana en 4/4 metricas. MASE=0.42 supera naive seasonal.
46,Alzheimer,Michoacán,hombres,0.7396,0.6585,140.5255,0.8854,0.6082,0.4295,146.1631,0.5734,0.7013,0.6036,144.6985,0.8058,0.8739,0.5455,200.0,0.7282,DeepAR,DeepAR,Prophet,DeepAR,3/4,DeepAR,DeepAR domina con RMSE 0.61 (vs Ensemble 0.70). Gana en 3/4 metricas. MASE=0.57 supera naive seasonal.
47,Alzheimer,Michoacán,mujeres,1.115,0.8763,111.987,0.8471,0.8132,0.5692,119.9478,0.5442,0.9456,0.7654,119.394,0.7317,1.0713,0.7969,159.4527,0.7619,DeepAR,DeepAR,Prophet,DeepAR,3/4,DeepAR,DeepAR domina con RMSE 0.81 (vs Ensemble 0.95). Gana en 3/4 metricas. MASE=0.54 supera naive seasonal.
48,Alzheimer,Michoacán,general,1.417,1.181,94.0453,0.795,0.7056,0.4044,70.4762,0.2724,1.3113,1.0207,95.1579,0.6875,1.3759,1.0395,105.4596,0.7001,DeepAR,DeepAR,DeepAR,DeepAR,4/4,DeepAR,DeepAR domina con RMSE 0.71 (vs Ensemble 1.31). Gana en 4/4 metricas. MASE=0.27 supera naive seasonal.
49,Alzheimer,Morelos,hombres,0.7527,0.6025,161.3153,1.0244,0.6977,0.4623,175.3589,0.7887,0.8453,0.66,158.6977,1.1222,0.9045,0.5273,200.0,0.8965,DeepAR,DeepAR,Ensemble,DeepAR,3/4,DeepAR,DeepAR domina con RMSE 0.70 (vs Prophet 0.75). Gana en 3/4 metricas. MASE=0.79 supera naive seasonal. Serie de bajo volumen.
50,Alzheimer,Morelos,mujeres,0.7273,0.6063,160.4595,0.8094,0.7442,0.5078,161.0903,0.7013,0.7719,0.6494,140.6145,0.8921,0.8421,0.5273,200.0,0.7243,Prophet,DeepAR,Ensemble,DeepAR,2/4,DeepAR,DeepAR elegido por desempate MASE/MAE (RMSE 0.74 vs Prophet 0.73). Gana en 2/4 metricas. MASE=0.70 supera naive seasonal. Serie de bajo volumen.
51,Alzheimer,Morelos,general,1.0408,0.7646,124.2111,0.6527,0.9998,0.7258,115.6411,0.6466,1.2972,1.0389,97.2846,0.9207,1.4608,1.0392,188.6498,0.9209,DeepAR,DeepAR,Ensemble,DeepAR,3/4,DeepAR,"DeepAR gana por margen minimo (RMSE 1.00 vs Prophet 1.04, -3.9%). Gana en 3/4 metricas. MASE=0.65 supera naive seasonal."
52,Alzheimer,México,hombres,1.4637,1.1782,129.3975,1.085,0.5425,0.3375,99.6212,0.2762,0.9777,0.7753,111.1523,0.6324,0.9381,0.7256,156.4092,0.5919,DeepAR,DeepAR,DeepAR,DeepAR,4/4,DeepAR,DeepAR domina con RMSE 0.54 (vs Stacking 0.94). Gana en 4/4 metricas. MASE=0.28 supera naive seasonal.
53,Alzheimer,México,mujeres,1.6987,1.3609,101.8661,0.9707,0.7823,0.5339,84.7022,0.3467,1.2514,0.952,98.9684,0.6173,1.3736,1.052,116.2098,0.6822,DeepAR,DeepAR,DeepAR,DeepAR,4/4,DeepAR,DeepAR domina con RMSE 0.78 (vs Ensemble 1.25). Gana en 4/4 metricas. MASE=0.35 supera naive seasonal.
54,Alzheimer,México,general,2.8103,2.2728,88.0199,1.2031,0.5345,0.2368,37.6455,0.1076,2.0619,1.4962,95.3549,0.6774,1.664,1.2221,69.936,0.5533,DeepAR,DeepAR,DeepAR,DeepAR,4/4,DeepAR,DeepAR domina con RMSE 0.53 (vs Stacking 1.66). Gana en 4/4 metricas. MASE=0.11 supera naive seasonal.
55,Alzheimer,Nayarit,hombres,0.6991,0.5197,168.0967,0.7557,0.7187,0.4194,183.552,0.6098,0.7347,0.4957,178.3901,0.7208,0.809,0.4,200.0,0.5816,Prophet,Stacking,Prophet,Stacking,0/4,DeepAR,DeepAR elegido por desempate MASE/MAE (RMSE 0.72 vs Prophet 0.70). MASE=0.61 supera naive seasonal. Serie de bajo volumen.
56,Alzheimer,Nayarit,mujeres,0.7822,0.6752,147.699,0.6983,0.7064,0.5686,140.1158,0.6108,0.8628,0.7225,145.1949,0.7745,1.0439,0.6568,196.0311,0.704,DeepAR,DeepAR,DeepAR,DeepAR,4/4,DeepAR,DeepAR domina con RMSE 0.71 (vs Prophet 0.78). Gana en 4/4 metricas. MASE=0.61 supera naive seasonal.
57,Alzheimer,Nayarit,general,0.9817,0.7756,108.9091,0.5507,0.5423,0.3586,93.581,0.2678,1.1361,0.8837,114.9029,0.659,1.3125,0.9489,149.6022,0.7076,DeepAR,DeepAR,DeepAR,DeepAR,4/4,DeepAR,DeepAR domina con RMSE 0.54 (vs Prophet 0.98). Gana en 4/4 metricas. MASE=0.27 supera naive seasonal.
58,Alzheimer,Nuevo León,hombres,0.8802,0.7231,105.7317,0.603,0.9194,0.6943,125.1056,0.6206,0.9616,0.6777,111.8904,0.6058,1.2245,0.8225,176.1744,0.7352,Prophet,Ensemble,Prophet,Prophet,0/4,DeepAR,DeepAR elegido por desempate MASE/MAE (RMSE 0.92 vs Prophet 0.88). MASE=0.62 supera naive seasonal.
59,Alzheimer,Nuevo León,mujeres,1.2175,0.9713,93.005,0.5681,0.9889,0.6296,100.9485,0.3835,1.59,1.2672,116.2997,0.7718,1.7318,1.2285,142.4792,0.7483,DeepAR,DeepAR,Prophet,DeepAR,3/4,DeepAR,DeepAR domina con RMSE 0.99 (vs Prophet 1.22). Gana en 3/4 metricas. MASE=0.38 supera naive seasonal.
60,Alzheimer,Nuevo León,general,1.5579,1.2515,67.188,0.5696,1.2567,0.7863,71.8597,0.3748,2.1189,1.7242,91.4583,0.8219,2.1893,1.5803,102.3855,0.7533,DeepAR,DeepAR,Prophet,DeepAR,3/4,DeepAR,DeepAR domina con RMSE 1.26 (vs Prophet 1.56). Gana en 3/4 metricas. MASE=0.37 supera naive seasonal.
61,Alzheimer,Oaxaca,hombres,0.8254,0.6333,165.9452,0.8436,0.9988,0.6317,181.1549,0.8566,0.9533,0.7378,154.9132,1.0004,1.1442,0.6545,200.0,0.8875,Prophet,DeepAR,Ensemble,Prophet,2/4,Prophet,Prophet domina con RMSE 0.83 (vs Ensemble 0.95). Gana en 2/4 metricas. MASE=0.84 supera naive seasonal. Serie de bajo volumen.
62,Alzheimer,Oaxaca,mujeres,1.0515,0.7811,110.3387,0.7939,1.2921,0.8072,155.4678,0.8182,1.2747,1.0585,140.7129,1.0729,1.4568,0.9824,176.1713,0.9958,Prophet,Prophet,Prophet,Prophet,4/4,Prophet,Prophet domina con RMSE 1.05 (vs Ensemble 1.27). Gana en 4/4 metricas. MASE=0.79 supera naive seasonal.
63,Alzheimer,Oaxaca,general,1.422,1.0562,90.794,0.719,1.778,1.1186,130.4063,0.7848,1.8551,1.3891,111.4069,0.9746,2.0591,1.4141,130.596,0.9921,Prophet,Prophet,Prophet,Prophet,4/4,Prophet,Prophet domina con RMSE 1.42 (vs DeepAR 1.78). Gana en 4/4 metricas. MASE=0.72 supera naive seasonal.
64,Alzheimer,Puebla,hombres,1.1919,0.797,148.6649,1.2272,1.2423,0.6276,163.5442,0.9665,1.2356,0.78,154.1921,1.2011,1.3817,0.6727,200.0,1.0359,Prophet,DeepAR,Prophet,DeepAR,2/4,DeepAR,DeepAR elegido por desempate MASE/MAE (RMSE 1.24 vs Prophet 1.19). Gana en 2/4 metricas. MASE=0.97 supera naive seasonal. Serie de bajo volumen.
65,Alzheimer,Puebla,mujeres,1.2715,0.9546,155.2564,0.7249,0.8844,0.5583,161.0088,0.4442,1.3619,0.9882,151.7582,0.7864,1.3024,0.6983,191.0375,0.5557,DeepAR,DeepAR,Ensemble,DeepAR,3/4,DeepAR,DeepAR domina con RMSE 0.88 (vs Prophet 1.27). Gana en 3/4 metricas. MASE=0.44 supera naive seasonal. Serie de bajo volumen.
66,Alzheimer,Puebla,general,1.875,1.5405,131.3124,0.8629,1.3283,0.8771,118.469,0.5093,1.948,1.3889,119.0762,0.8065,1.9558,1.2826,136.0942,0.7448,DeepAR,DeepAR,DeepAR,DeepAR,4/4,DeepAR,DeepAR domina con RMSE 1.33 (vs Prophet 1.88). Gana en 4/4 metricas. MASE=0.51 supera naive seasonal.
67,Alzheimer,Querétaro,hombres,0.3694,0.254,195.0699,0.8392,0.3732,0.1062,199.9783,0.351,0.3833,0.2853,193.4564,0.9427,0.3814,0.1091,200.0,0.3604,Prophet,DeepAR,Ensemble,DeepAR,2/4,DeepAR,DeepAR elegido por desempate MASE/MAE (RMSE 0.37 vs Prophet 0.37). Gana en 2/4 metricas. MASE=0.35 supera naive seasonal. Serie de bajo volumen.
68,Alzheimer,Querétaro,mujeres,0.4546,0.2792,194.097,0.911,0.3668,0.0964,199.9921,0.3145,0.4889,0.4026,187.5947,1.3136,0.4671,0.1455,200.0,0.4745,DeepAR,DeepAR,Ensemble,DeepAR,3/4,DeepAR,DeepAR domina con RMSE 0.37 (vs Prophet 0.45). Gana en 3/4 metricas. MASE=0.31 supera naive seasonal. Serie de bajo volumen.
69,Alzheimer,Querétaro,general,0.5544,0.4496,181.8493,0.7875,0.4674,0.2354,192.7701,0.4123,0.6215,0.503,185.833,0.8811,0.603,0.2545,200.0,0.4459,DeepAR,DeepAR,Prophet,DeepAR,3/4,DeepAR,DeepAR domina con RMSE 0.47 (vs Prophet 0.55). Gana en 3/4 metricas. MASE=0.41 supera naive seasonal. Serie de bajo volumen.
70,Alzheimer,Quintana Roo,hombres,0.3096,0.2012,195.4253,0.6525,0.31,0.0964,199.9886,0.3124,0.3301,0.22,196.5242,0.7134,0.3303,0.1091,200.0,0.3537,Prophet,DeepAR,Prophet,DeepAR,2/4,DeepAR,DeepAR elegido por desempate MASE/MAE (RMSE 0.31 vs Prophet 0.31). Gana en 2/4 metricas. MASE=0.31 supera naive seasonal. Serie de bajo volumen.
71,Alzheimer,Quintana Roo,mujeres,0.6172,0.4273,184.7099,1.0673,0.6504,0.2693,199.9912,0.6758,0.6284,0.3686,188.3621,0.9205,0.6742,0.2727,200.0,0.6812,Prophet,DeepAR,Prophet,DeepAR,0/4,Ensemble,Ensemble elegido por desempate MASE/MAE (RMSE 0.63 vs Prophet 0.62). MASE=0.92 supera naive seasonal. Serie de bajo volumen.
72,Alzheimer,Quintana Roo,general,0.644,0.5372,165.2205,0.8549,0.6319,0.4597,165.4412,0.7338,0.6513,0.5117,168.0315,0.8143,0.7508,0.3818,200.0,0.6076,DeepAR,Stacking,Prophet,Stacking,1/4,DeepAR,"DeepAR gana por margen minimo (RMSE 0.63 vs Prophet 0.64, -1.9%). MASE=0.73 supera naive seasonal. Serie de bajo volumen."
73,Alzheimer,San Luis Potosí,hombres,0.322,0.2977,194.0853,0.5798,0.2499,0.0676,199.9874,0.1316,0.4648,0.4342,193.4065,0.8458,0.2697,0.0727,200.0,0.1417,DeepAR,DeepAR,Ensemble,DeepAR,3/4,DeepAR,DeepAR domina con RMSE 0.25 (vs Stacking 0.27). Gana en 3/4 metricas. MASE=0.13 supera naive seasonal. Serie de bajo volumen.
74,Alzheimer,San Luis Potosí,mujeres,0.8834,0.7277,133.1204,0.9939,0.2869,0.0995,191.7003,0.1302,0.6339,0.6,184.3881,0.7849,0.313,0.1776,196.2948,0.2323,DeepAR,DeepAR,Prophet,DeepAR,3/4,DeepAR,DeepAR domina con RMSE 0.29 (vs Stacking 0.31). Gana en 3/4 metricas. MASE=0.13 supera naive seasonal. Serie de bajo volumen.
75,Alzheimer,San Luis Potosí,general,1.0489,0.8016,95.3047,0.7541,0.2598,0.0891,178.8605,0.0829,1.1545,1.0718,168.1412,0.9973,0.5106,0.4956,175.1576,0.4611,DeepAR,DeepAR,Prophet,DeepAR,3/4,DeepAR,DeepAR domina con RMSE 0.26 (vs Stacking 0.51). Gana en 3/4 metricas. MASE=0.08 supera naive seasonal. Serie de bajo volumen.
76,Alzheimer,Sinaloa,hombres,1.2482,0.9861,90.1863,0.6575,0.5986,0.3989,83.4642,0.2733,1.0639,0.9255,119.4594,0.634,1.1182,0.953,121.9011,0.6528,DeepAR,DeepAR,DeepAR,DeepAR,4/4,DeepAR,DeepAR domina con RMSE 0.60 (vs Ensemble 1.06). Gana en 4/4 metricas. MASE=0.27 supera naive seasonal.
77,Alzheimer,Sinaloa,mujeres,1.4524,1.1748,77.1501,0.6933,0.4413,0.2044,51.7481,0.1226,1.5715,1.2149,73.467,0.7289,1.6388,1.3044,91.8783,0.7826,DeepAR,DeepAR,DeepAR,DeepAR,4/4,DeepAR,DeepAR domina con RMSE 0.44 (vs Prophet 1.45). Gana en 4/4 metricas. MASE=0.12 supera naive seasonal.
78,Alzheimer,Sinaloa,general,2.1027,1.7269,61.7838,0.6887,0.6651,0.3609,30.4278,0.1488,1.8454,1.5242,55.0761,0.6285,1.8893,1.4888,59.0909,0.6138,DeepAR,DeepAR,DeepAR,DeepAR,4/4,DeepAR,DeepAR domina con RMSE 0.67 (vs Ensemble 1.85). Gana en 4/4 metricas. MASE=0.15 supera naive seasonal.
79,Alzheimer,Sonora,hombres,0.7698,0.6492,136.7968,0.6088,0.7835,0.5398,160.8509,0.5525,0.8295,0.6576,156.4346,0.6731,0.9535,0.5455,200.0,0.5627,Prophet,DeepAR,Prophet,DeepAR,2/4,DeepAR,DeepAR elegido por desempate MASE/MAE (RMSE 0.78 vs Prophet 0.77). Gana en 2/4 metricas. MASE=0.55 supera naive seasonal. Serie de bajo volumen.
80,Alzheimer,Sonora,mujeres,1.0075,0.7936,109.3073,0.6565,0.4885,0.2544,97.0117,0.2181,1.074,0.8942,115.8186,0.7665,1.2251,0.9126,170.3662,0.7822,DeepAR,DeepAR,DeepAR,DeepAR,4/4,DeepAR,DeepAR domina con RMSE 0.49 (vs Prophet 1.01). Gana en 4/4 metricas. MASE=0.22 supera naive seasonal.
81,Alzheimer,Sonora,general,1.2792,1.0328,83.2658,0.5684,0.9836,0.6469,88.28,0.3807,1.3992,1.1202,84.4129,0.6592,1.6069,1.2387,124.299,0.7306,DeepAR,DeepAR,Prophet,DeepAR,3/4,DeepAR,DeepAR domina con RMSE 0.98 (vs Prophet 1.28). Gana en 3/4 metricas. MASE=0.38 supera naive seasonal.
82,Alzheimer,Tabasco,hombres,0.5916,0.5444,177.1187,0.8408,0.4889,0.2668,186.1837,0.4121,0.5647,0.4845,179.2546,0.7482,0.603,0.2545,200.0,0.3931,DeepAR,Stacking,Prophet,Stacking,1/4,DeepAR,DeepAR domina con RMSE 0.49 (vs Ensemble 0.56). MASE=0.41 supera naive seasonal. Serie de bajo volumen.
83,Alzheimer,Tabasco,mujeres,0.5624,0.5304,180.6968,0.7957,0.5569,0.2471,199.9822,0.3706,0.6346,0.606,177.265,0.9091,0.5222,0.2,200.0,0.3,Stacking,Stacking,Ensemble,Stacking,3/4,Stacking,Stacking domina con RMSE 0.52 (vs DeepAR 0.56). Gana en 3/4 metricas. MASE=0.30 supera naive seasonal. Serie de bajo volumen.
84,Alzheimer,Tabasco,general,1.0933,0.9171,101.5902,0.8186,0.5887,0.4627,155.3113,0.4179,0.7973,0.7002,138.9412,0.6324,0.6817,0.5132,173.508,0.4634,DeepAR,DeepAR,Prophet,DeepAR,3/4,DeepAR,DeepAR domina con RMSE 0.59 (vs Stacking 0.68). Gana en 3/4 metricas. MASE=0.42 supera naive seasonal. Serie de bajo volumen.
85,Alzheimer,Tamaulipas,hombres,1.0987,0.8493,106.8078,0.7358,0.4625,0.2417,121.7822,0.2149,1.0952,0.9271,123.3311,0.8244,0.9343,0.7725,134.0048,0.6869,DeepAR,DeepAR,Prophet,DeepAR,3/4,DeepAR,DeepAR domina con RMSE 0.46 (vs Stacking 0.93). Gana en 3/4 metricas. MASE=0.21 supera naive seasonal.
86,Alzheimer,Tamaulipas,mujeres,1.6631,1.2546,85.0327,0.8172,1.1205,0.6803,92.3527,0.4352,1.5272,1.2964,99.8884,0.8283,1.316,1.0842,99.2972,0.6927,DeepAR,DeepAR,Prophet,DeepAR,3/4,DeepAR,DeepAR domina con RMSE 1.12 (vs Stacking 1.32). Gana en 3/4 metricas. MASE=0.44 supera naive seasonal.
87,Alzheimer,Tamaulipas,general,2.1361,1.627,65.2702,0.7398,0.7732,0.3918,45.2125,0.1788,2.1427,1.76,80.9604,0.8031,2.0818,1.7194,80.9043,0.7845,DeepAR,DeepAR,DeepAR,DeepAR,4/4,DeepAR,DeepAR domina con RMSE 0.77 (vs Stacking 2.08). Gana en 4/4 metricas. MASE=0.18 supera naive seasonal.
88,Alzheimer,Tlaxcala,hombres,0.3623,0.2011,196.6688,0.9545,0.3922,0.1154,199.998,0.5478,0.3896,0.3125,193.4921,1.483,0.3814,0.1091,200.0,0.5177,Prophet,Stacking,Ensemble,Stacking,2/4,Stacking,Stacking elegido por desempate MASE/MAE (RMSE 0.38 vs Prophet 0.36). Gana en 2/4 metricas. MASE=0.52 supera naive seasonal. Serie de bajo volumen.
89,Alzheimer,Tlaxcala,mujeres,0.1883,0.0954,199.1707,0.3194,0.1961,0.0387,199.996,0.1305,0.2851,0.2673,197.197,0.8943,0.1907,0.0364,200.0,0.1217,Prophet,Stacking,Ensemble,Stacking,0/4,DeepAR,DeepAR elegido por desempate MASE/MAE (RMSE 0.20 vs Prophet 0.19). MASE=0.13 supera naive seasonal. Serie de bajo volumen.
90,Alzheimer,Tlaxcala,general,0.4812,0.2906,193.9184,0.6322,0.5189,0.1539,199.9983,0.3361,0.4896,0.2721,194.6603,0.5918,0.5045,0.1455,200.0,0.3164,Prophet,Stacking,Prophet,Stacking,0/4,Ensemble,Ensemble elegido por desempate MASE/MAE (RMSE 0.49 vs Prophet 0.48). MASE=0.59 supera naive seasonal. Serie de bajo volumen.
91,Alzheimer,Veracruz,hombres,1.1775,0.89,88.3246,0.7376,0.7063,0.4044,112.9928,0.334,1.211,1.0186,116.7515,0.8413,1.0715,0.7932,141.8492,0.6551,DeepAR,DeepAR,Prophet,DeepAR,3/4,DeepAR,DeepAR domina con RMSE 0.71 (vs Stacking 1.07). Gana en 3/4 metricas. MASE=0.33 supera naive seasonal.
92,Alzheimer,Veracruz,mujeres,1.5042,1.2682,77.9966,0.7459,0.5507,0.2272,67.4081,0.1365,1.2611,1.0666,88.8586,0.6407,1.1382,0.9512,94.2418,0.5714,DeepAR,DeepAR,DeepAR,DeepAR,4/4,DeepAR,DeepAR domina con RMSE 0.55 (vs Stacking 1.14). Gana en 4/4 metricas. MASE=0.14 supera naive seasonal.
93,Alzheimer,Veracruz,general,2.0927,1.6839,61.3282,0.7185,0.709,0.3106,52.2024,0.1332,1.9433,1.5946,80.385,0.684,1.7094,1.4246,85.3252,0.6111,DeepAR,DeepAR,DeepAR,DeepAR,4/4,DeepAR,DeepAR domina con RMSE 0.71 (vs Stacking 1.71). Gana en 4/4 metricas. MASE=0.13 supera naive seasonal.
94,Alzheimer,Yucatán,hombres,0.3358,0.2687,191.6964,0.5334,0.3593,0.2861,189.1511,0.5679,0.3492,0.2494,191.5117,0.495,0.3568,0.1273,200.0,0.2526,Prophet,Stacking,DeepAR,Stacking,0/4,Ensemble,Ensemble elegido por desempate MASE/MAE (RMSE 0.35 vs Prophet 0.34). MASE=0.49 supera naive seasonal. Serie de bajo volumen.
95,Alzheimer,Yucatán,mujeres,0.8097,0.6456,163.3742,0.8568,0.5071,0.2405,194.9436,0.321,0.5745,0.422,188.2283,0.5634,0.603,0.2545,200.0,0.3398,DeepAR,DeepAR,Prophet,DeepAR,3/4,DeepAR,DeepAR domina con RMSE 0.51 (vs Ensemble 0.57). Gana en 3/4 metricas. MASE=0.32 supera naive seasonal. Serie de bajo volumen.
96,Alzheimer,Yucatán,general,1.0042,0.8142,135.879,0.7664,0.559,0.3292,168.5079,0.3136,0.7192,0.642,157.6168,0.6115,0.7034,0.4011,195.3873,0.3821,DeepAR,DeepAR,Prophet,DeepAR,3/4,DeepAR,DeepAR domina con RMSE 0.56 (vs Stacking 0.70). Gana en 3/4 metricas. MASE=0.31 supera naive seasonal. Serie de bajo volumen.
97,Alzheimer,Zacatecas,hombres,0.3092,0.1913,195.8458,0.9077,0.3101,0.0962,199.9989,0.4564,0.314,0.1904,195.204,0.9037,0.3303,0.1091,200.0,0.5177,Prophet,DeepAR,Ensemble,DeepAR,2/4,DeepAR,DeepAR elegido por desempate MASE/MAE (RMSE 0.31 vs Prophet 0.31). Gana en 2/4 metricas. MASE=0.46 supera naive seasonal. Serie de bajo volumen.
98,Alzheimer,Zacatecas,mujeres,0.3342,0.2551,192.6018,0.8537,0.3668,0.1347,199.9852,0.4508,0.3579,0.2651,194.3926,0.887,0.3568,0.1273,200.0,0.4259,Prophet,Stacking,Prophet,Stacking,2/4,Prophet,Prophet domina con RMSE 0.33 (vs Stacking 0.36). Gana en 2/4 metricas. MASE=0.85 supera naive seasonal. Serie de bajo volumen.
99,Alzheimer,Zacatecas,general,0.4624,0.3715,183.8043,0.7884,0.5186,0.2311,199.9577,0.4903,0.4997,0.3719,187.1746,0.7892,0.5222,0.2364,200.0,0.5016,Prophet,DeepAR,Prophet,DeepAR,2/4,Prophet,Prophet domina con RMSE 0.46 (vs Ensemble 0.50). Gana en 2/4 metricas. MASE=0.79 supera naive seasonal. Serie de bajo volumen.
100,Alzheimer,region_Metropolitana alta,hombres,2.5391,2.1043,49.8395,0.6853,1.663,1.3188,38.2212,0.4343,2.3867,1.637,43.8246,0.5391,2.7665,1.9233,55.0302,0.6334,DeepAR,DeepAR,DeepAR,DeepAR,4/4,DeepAR,DeepAR domina con RMSE 1.66 (vs Ensemble 2.39). Gana en 4/4 metricas. MASE=0.43 supera naive seasonal.
101,Alzheimer,region_Metropolitana alta,mujeres,3.2986,2.7049,40.9083,0.6763,2.7526,2.3596,44.7845,0.5947,2.7591,2.2615,43.3807,0.57,2.6411,2.2101,42.962,0.5571,Stacking,Stacking,Prophet,Stacking,3/4,Stacking,"Stacking gana por margen minimo (RMSE 2.64 vs DeepAR 2.75, -4.1%). Gana en 3/4 metricas. MASE=0.56 supera naive seasonal."
102,Alzheimer,region_Metropolitana alta,general,5.0097,4.2509,37.7642,0.7987,3.7641,2.8668,31.928,0.5277,3.9593,3.0145,33.9658,0.5549,3.8109,2.9275,32.6342,0.5388,DeepAR,DeepAR,DeepAR,DeepAR,4/4,DeepAR,"DeepAR gana por margen minimo (RMSE 3.76 vs Stacking 3.81, -1.2%). Gana en 4/4 metricas. MASE=0.53 supera naive seasonal."
103,Alzheimer,region_Rural / dispersa,hombres,1.8886,1.5516,52.2696,0.6584,0.7307,0.3599,25.5855,0.1581,1.9641,1.5437,59.6873,0.6783,2.0769,1.5702,62.8815,0.69,DeepAR,DeepAR,DeepAR,DeepAR,4/4,DeepAR,DeepAR domina con RMSE 0.73 (vs Prophet 1.89). Gana en 4/4 metricas. MASE=0.16 supera naive seasonal.
104,Alzheimer,region_Rural / dispersa,mujeres,2.9694,2.4566,52.569,0.6881,1.1999,0.6121,15.7487,0.1801,2.3349,1.817,43.6845,0.5347,2.4199,1.8531,44.9344,0.5453,DeepAR,DeepAR,DeepAR,DeepAR,4/4,DeepAR,DeepAR domina con RMSE 1.20 (vs Ensemble 2.33). Gana en 4/4 metricas. MASE=0.18 supera naive seasonal.
105,Alzheimer,region_Rural / dispersa,general,3.9178,3.3002,41.74,0.673,0.7121,0.3941,6.5352,0.0851,3.3467,2.594,37.9819,0.56,3.3318,2.5402,36.6461,0.5484,DeepAR,DeepAR,DeepAR,DeepAR,4/4,DeepAR,DeepAR domina con RMSE 0.71 (vs Stacking 3.33). Gana en 4/4 metricas. MASE=0.09 supera naive seasonal.
106,Alzheimer,region_Sur-Sureste vulnerable,hombres,1.5965,1.2595,68.3025,0.7196,0.7742,0.3806,40.214,0.2186,1.3381,1.1321,66.6239,0.6515,1.3587,1.0125,65.2254,0.5827,DeepAR,DeepAR,DeepAR,DeepAR,4/4,DeepAR,DeepAR domina con RMSE 0.77 (vs Ensemble 1.34). Gana en 4/4 metricas. MASE=0.22 supera naive seasonal.
107,Alzheimer,region_Sur-Sureste vulnerable,mujeres,1.8749,1.5329,59.5071,0.7032,1.0763,0.5506,42.2189,0.2599,1.9363,1.6368,72.6178,0.7725,1.8963,1.4716,72.1149,0.6946,DeepAR,DeepAR,DeepAR,DeepAR,4/4,DeepAR,DeepAR domina con RMSE 1.08 (vs Prophet 1.87). Gana en 4/4 metricas. MASE=0.26 supera naive seasonal.
108,Alzheimer,region_Sur-Sureste vulnerable,general,2.4336,2.021,42.6122,0.6309,1.3857,0.6525,21.9618,0.213,2.6995,2.301,56.8995,0.7512,2.6077,2.0913,54.5137,0.6827,DeepAR,DeepAR,DeepAR,DeepAR,4/4,DeepAR,DeepAR domina con RMSE 1.39 (vs Prophet 2.43). Gana en 4/4 metricas. MASE=0.21 supera naive seasonal.
109,Alzheimer,region_Urbana media,hombres,3.2132,2.5831,34.3984,0.5945,1.7241,0.8955,15.4417,0.2139,3.5314,2.7881,37.4863,0.6661,3.2607,2.5793,36.2273,0.6179,DeepAR,DeepAR,DeepAR,DeepAR,4/4,DeepAR,DeepAR domina con RMSE 1.72 (vs Prophet 3.21). Gana en 4/4 metricas. MASE=0.21 supera naive seasonal.
110,Alzheimer,region_Urbana media,mujeres,4.2875,3.3987,27.9329,0.5819,0.7776,0.4072,3.3504,0.0732,4.1257,3.3845,27.426,0.6052,4.1144,3.2622,26.8266,0.5834,DeepAR,DeepAR,DeepAR,DeepAR,4/4,DeepAR,DeepAR domina con RMSE 0.78 (vs Stacking 4.11). Gana en 4/4 metricas. MASE=0.07 supera naive seasonal.
111,Alzheimer,region_Urbana media,general,5.8316,4.6369,23.1486,0.5351,1.5695,0.803,4.5691,0.099,5.6784,4.7324,23.8291,0.5826,5.3853,4.2878,21.912,0.5279,DeepAR,DeepAR,DeepAR,DeepAR,4/4,DeepAR,DeepAR domina con RMSE 1.57 (vs Stacking 5.39). Gana en 4/4 metricas. MASE=0.10 supera naive seasonal.
112,Depresión,Nacional,hombres,101.4405,86.512,12.6357,0.7583,147.3054,119.0003,16.3826,1.0325,156.1052,120.7775,15.7816,1.047,232.4054,195.1775,28.1787,1.6919,Prophet,Prophet,Prophet,Prophet,4/4,Prophet,Prophet domina con RMSE 101.44 (vs DeepAR 147.31). Gana en 4/4 metricas. MASE=0.76 supera naive seasonal.
113,Depresión,Nacional,mujeres,270.0428,225.8957,12.2794,0.7132,340.5302,300.0642,15.1411,0.9503,239.4196,146.3557,7.1073,0.4626,289.1227,199.2456,9.5542,0.6298,Ensemble,Ensemble,Ensemble,Ensemble,4/4,Ensemble,Ensemble domina con RMSE 239.42 (vs Prophet 270.04). Gana en 4/4 metricas. MASE=0.46 supera naive seasonal.
114,Depresión,Nacional,general,361.0998,305.7308,12.1624,0.7201,313.7437,262.0369,9.3482,0.6157,372.2314,251.8013,8.7468,0.5907,571.4408,460.9815,16.967,1.0814,DeepAR,Ensemble,Ensemble,Ensemble,1/4,DeepAR,DeepAR domina con RMSE 313.74 (vs Prophet 361.10). MASE=0.62 supera naive seasonal.
115,Depresión,Aguascalientes,hombres,3.693,2.8272,39.7672,0.5036,1.1598,0.5075,5.1889,0.1012,4.925,3.2936,33.9811,0.6517,4.9799,3.3935,35.4245,0.6715,DeepAR,DeepAR,DeepAR,DeepAR,4/4,DeepAR,DeepAR domina con RMSE 1.16 (vs Prophet 3.69). Gana en 4/4 metricas. MASE=0.10 supera naive seasonal.
116,Depresión,Aguascalientes,mujeres,7.4048,6.0875,32.0827,0.4729,0.9164,0.5714,2.3618,0.0492,6.0554,4.8048,20.2831,0.4112,6.4662,5.116,21.4928,0.4379,DeepAR,DeepAR,DeepAR,DeepAR,4/4,DeepAR,DeepAR domina con RMSE 0.92 (vs Ensemble 6.06). Gana en 4/4 metricas. MASE=0.05 supera naive seasonal.
117,Depresión,Aguascalientes,general,9.5576,7.8026,30.3099,0.4587,3.6531,1.2135,4.0256,0.0791,8.0427,5.9706,17.7047,0.3863,8.9926,6.7118,20.0546,0.4342,DeepAR,DeepAR,DeepAR,DeepAR,4/4,DeepAR,DeepAR domina con RMSE 3.65 (vs Ensemble 8.04). Gana en 4/4 metricas. MASE=0.08 supera naive seasonal.
118,Depresión,Baja California,hombres,8.7286,6.9278,25.6191,0.7723,2.4747,1.4644,5.5974,0.1619,8.6407,6.7323,22.1475,0.7444,9.8418,7.8421,24.4751,0.8671,DeepAR,DeepAR,DeepAR,DeepAR,4/4,DeepAR,DeepAR domina con RMSE 2.47 (vs Ensemble 8.64). Gana en 4/4 metricas. MASE=0.16 supera naive seasonal.
119,Depresión,Baja California,mujeres,13.593,10.9588,18.0723,0.6073,4.4,2.6808,3.632,0.1571,19.0014,13.0156,18.0825,0.7597,15.4413,10.7346,14.5533,0.6266,DeepAR,DeepAR,DeepAR,DeepAR,4/4,DeepAR,DeepAR domina con RMSE 4.40 (vs Prophet 13.59). Gana en 4/4 metricas. MASE=0.16 supera naive seasonal.
120,Depresión,Baja California,general,20.0559,15.5431,17.6337,0.6245,4.5038,2.0411,2.0876,0.0854,27.4697,20.5882,20.7008,0.8592,20.5683,13.7475,12.9466,0.5737,DeepAR,DeepAR,DeepAR,DeepAR,4/4,DeepAR,DeepAR domina con RMSE 4.50 (vs Prophet 20.06). Gana en 4/4 metricas. MASE=0.09 supera naive seasonal.
121,Depresión,Baja California Sur,hombres,6.214,5.363,66.781,1.5448,0.8937,0.3659,21.9923,0.0873,2.3522,1.939,55.6481,0.4628,2.5643,2.0655,62.972,0.493,DeepAR,DeepAR,DeepAR,DeepAR,4/4,DeepAR,DeepAR domina con RMSE 0.89 (vs Ensemble 2.35). Gana en 4/4 metricas. MASE=0.09 supera naive seasonal.
122,Depresión,Baja California Sur,mujeres,6.4352,5.0355,36.2122,0.8768,2.9621,1.7839,18.0487,0.301,4.7269,3.6185,35.2664,0.6085,4.4758,3.0654,31.3763,0.5155,DeepAR,DeepAR,DeepAR,DeepAR,4/4,DeepAR,DeepAR domina con RMSE 2.96 (vs Stacking 4.48). Gana en 4/4 metricas. MASE=0.30 supera naive seasonal.
123,Depresión,Baja California Sur,general,12.0889,9.8807,44.1617,1.2724,2.3229,1.0773,7.8186,0.123,5.8228,4.1885,30.6762,0.4779,6.0307,4.5178,34.5849,0.5155,DeepAR,DeepAR,DeepAR,DeepAR,4/4,DeepAR,DeepAR domina con RMSE 2.32 (vs Ensemble 5.82). Gana en 4/4 metricas. MASE=0.12 supera naive seasonal.
124,Depresión,Campeche,hombres,3.2219,2.5946,38.2552,0.8016,2.6717,1.1959,12.807,0.3592,4.2007,3.1475,36.1169,0.9437,3.8694,2.9376,33.7507,0.8808,DeepAR,DeepAR,DeepAR,DeepAR,4/4,DeepAR,DeepAR domina con RMSE 2.67 (vs Prophet 3.22). Gana en 4/4 metricas. MASE=0.36 supera naive seasonal.
125,Depresión,Campeche,mujeres,6.1535,4.8331,28.764,0.7369,2.8578,1.5367,7.0586,0.2315,8.178,6.4537,28.6738,0.9722,8.1177,6.4525,28.5986,0.9721,DeepAR,DeepAR,DeepAR,DeepAR,4/4,DeepAR,DeepAR domina con RMSE 2.86 (vs Prophet 6.15). Gana en 4/4 metricas. MASE=0.23 supera naive seasonal.
126,Depresión,Campeche,general,7.5007,5.8708,25.0966,0.7052,3.9169,1.9346,5.9244,0.2315,10.7441,8.7103,28.4913,1.0409,10.1951,8.4589,27.5604,1.0109,DeepAR,DeepAR,DeepAR,DeepAR,4/4,DeepAR,DeepAR domina con RMSE 3.92 (vs Prophet 7.50). Gana en 4/4 metricas. MASE=0.23 supera naive seasonal.
127,Depresión,Chiapas,hombres,5.0825,4.0307,40.7536,1.1047,2.3644,1.3918,10.8442,0.3491,7.5475,6.0099,42.8736,1.5046,5.3359,4.2862,28.6506,1.0731,DeepAR,DeepAR,DeepAR,DeepAR,4/4,DeepAR,DeepAR domina con RMSE 2.36 (vs Prophet 5.08). Gana en 4/4 metricas. MASE=0.35 supera naive seasonal.
128,Depresión,Chiapas,mujeres,16.2109,12.7369,37.4822,1.2771,8.091,5.3024,10.7376,0.4885,20.3077,17.4077,35.6617,1.5878,19.8794,16.3298,29.1208,1.4895,DeepAR,DeepAR,DeepAR,DeepAR,4/4,DeepAR,DeepAR domina con RMSE 8.09 (vs Prophet 16.21). Gana en 4/4 metricas. MASE=0.49 supera naive seasonal.
129,Depresión,Chiapas,general,20.1948,16.246,38.4424,1.3172,6.5198,4.405,6.3948,0.3265,26.1397,22.2866,35.5425,1.6376,16.8593,13.8288,20.2892,1.0161,DeepAR,DeepAR,DeepAR,DeepAR,4/4,DeepAR,DeepAR domina con RMSE 6.52 (vs Stacking 16.86). Gana en 4/4 metricas. MASE=0.33 supera naive seasonal.
130,Depresión,Chihuahua,hombres,16.6762,14.2392,35.3043,0.7253,4.7154,2.1339,5.7554,0.1212,13.8317,10.5284,26.1298,0.5956,14.0686,10.7215,26.8851,0.6065,DeepAR,DeepAR,DeepAR,DeepAR,4/4,DeepAR,DeepAR domina con RMSE 4.72 (vs Ensemble 13.83). Gana en 4/4 metricas. MASE=0.12 supera naive seasonal.
131,Depresión,Chihuahua,mujeres,40.6471,34.4023,31.4375,0.9527,5.8366,2.8759,2.9771,0.0844,34.1573,27.0315,26.1452,0.7894,25.6427,17.6578,16.3798,0.5157,DeepAR,DeepAR,DeepAR,DeepAR,4/4,DeepAR,DeepAR domina con RMSE 5.84 (vs Stacking 25.64). Gana en 4/4 metricas. MASE=0.08 supera naive seasonal.
132,Depresión,Chihuahua,general,58.14,49.8392,32.4789,0.9305,10.1945,5.1175,3.7322,0.1038,37.651,27.4762,18.6225,0.5543,34.0392,22.3057,14.8628,0.45,DeepAR,DeepAR,DeepAR,DeepAR,4/4,DeepAR,DeepAR domina con RMSE 10.19 (vs Stacking 34.04). Gana en 4/4 metricas. MASE=0.10 supera naive seasonal.
133,Depresión,Ciudad de México,hombres,26.084,19.5305,17.7049,0.7936,7.3983,3.313,2.6618,0.131,22.342,18.2355,14.4565,0.7212,21.5345,16.802,13.2624,0.6645,DeepAR,DeepAR,DeepAR,DeepAR,4/4,DeepAR,DeepAR domina con RMSE 7.40 (vs Stacking 21.53). Gana en 4/4 metricas. MASE=0.13 supera naive seasonal.
134,Depresión,Ciudad de México,mujeres,61.9672,47.4669,16.7046,0.7064,21.8825,10.9516,3.2367,0.1612,51.2975,40.7952,12.2799,0.6004,84.3538,72.6224,23.2604,1.0688,DeepAR,DeepAR,DeepAR,DeepAR,4/4,DeepAR,DeepAR domina con RMSE 21.88 (vs Ensemble 51.30). Gana en 4/4 metricas. MASE=0.16 supera naive seasonal.
135,Depresión,Ciudad de México,general,83.483,63.1291,15.9541,0.7317,28.6901,14.0507,3.4817,0.1592,65.215,51.0672,11.1913,0.5785,117.2731,101.1973,23.6968,1.1465,DeepAR,DeepAR,DeepAR,DeepAR,4/4,DeepAR,DeepAR domina con RMSE 28.69 (vs Ensemble 65.22). Gana en 4/4 metricas. MASE=0.16 supera naive seasonal.
136,Depresión,Coahuila,hombres,8.4032,6.8769,47.4974,1.1931,0.7221,0.3061,2.1188,0.0475,6.7184,5.1409,32.8084,0.7944,6.9107,5.557,36.5062,0.8587,DeepAR,DeepAR,DeepAR,DeepAR,4/4,DeepAR,DeepAR domina con RMSE 0.72 (vs Ensemble 6.72). Gana en 4/4 metricas. MASE=0.05 supera naive seasonal.
137,Depresión,Coahuila,mujeres,15.2768,12.6306,34.2173,0.8518,5.0511,2.553,7.7826,0.1714,12.697,10.0027,26.1848,0.669,13.2642,10.214,27.6627,0.6831,DeepAR,DeepAR,DeepAR,DeepAR,4/4,DeepAR,DeepAR domina con RMSE 5.05 (vs Ensemble 12.70). Gana en 4/4 metricas. MASE=0.17 supera naive seasonal.
138,Depresión,Coahuila,general,21.7924,18.1401,34.7163,0.9204,2.6907,1.0173,2.1463,0.0507,17.1115,13.9642,25.5896,0.693,18.3484,14.2823,27.1849,0.7088,DeepAR,DeepAR,DeepAR,DeepAR,4/4,DeepAR,DeepAR domina con RMSE 2.69 (vs Ensemble 17.11). Gana en 4/4 metricas. MASE=0.05 supera naive seasonal.
139,Depresión,Colima,hombres,7.0872,5.672,48.8593,1.7302,2.6342,1.0519,5.9874,0.2508,11.6637,10.0597,66.1107,2.3923,10.2103,8.4051,40.8978,1.9988,DeepAR,DeepAR,DeepAR,DeepAR,4/4,DeepAR,DeepAR domina con RMSE 2.63 (vs Prophet 7.09). Gana en 4/4 metricas. MASE=0.25 supera naive seasonal.
140,Depresión,Colima,mujeres,11.736,9.3014,35.1043,1.1144,4.2822,1.4656,4.4089,0.1566,13.5693,12.1347,38.1378,1.2967,14.2133,11.3617,29.9513,1.2141,DeepAR,DeepAR,DeepAR,DeepAR,4/4,DeepAR,DeepAR domina con RMSE 4.28 (vs Prophet 11.74). Gana en 4/4 metricas. MASE=0.16 supera naive seasonal.
141,Depresión,Colima,general,17.625,14.2564,36.4899,1.3721,7.0182,3.7003,7.6308,0.299,23.0837,19.8365,41.1039,1.6029,23.6884,18.9339,32.1198,1.53,DeepAR,DeepAR,DeepAR,DeepAR,4/4,DeepAR,DeepAR domina con RMSE 7.02 (vs Prophet 17.62). Gana en 4/4 metricas. MASE=0.30 supera naive seasonal.
142,Depresión,Durango,hombres,7.0506,5.8923,31.1991,0.7524,1.1269,0.4365,2.5175,0.0566,9.1482,7.3237,35.7796,0.9421,9.3077,7.7393,37.4156,0.9955,DeepAR,DeepAR,DeepAR,DeepAR,4/4,DeepAR,DeepAR domina con RMSE 1.13 (vs Prophet 7.05). Gana en 4/4 metricas. MASE=0.06 supera naive seasonal.
143,Depresión,Durango,mujeres,23.7515,18.6911,30.7702,0.9398,16.3089,9.2826,16.8952,0.4599,25.8827,21.2133,34.5221,1.0489,27.4414,22.5847,35.9488,1.1167,DeepAR,DeepAR,DeepAR,DeepAR,4/4,DeepAR,DeepAR domina con RMSE 16.31 (vs Prophet 23.75). Gana en 4/4 metricas. MASE=0.46 supera naive seasonal.
144,Depresión,Durango,general,28.5649,23.0179,29.0509,0.9078,18.7811,10.4551,12.9093,0.4082,32.3974,25.5286,30.6701,0.9926,34.7146,28.6454,33.6042,1.1138,DeepAR,DeepAR,DeepAR,DeepAR,4/4,DeepAR,DeepAR domina con RMSE 18.78 (vs Prophet 28.56). Gana en 4/4 metricas. MASE=0.41 supera naive seasonal.
145,Depresión,Guanajuato,hombres,6.7424,5.4145,25.653,0.9729,1.5396,0.9906,3.664,0.1676,7.0593,4.7784,19.0868,0.8085,7.1622,5.4284,21.5621,0.9185,DeepAR,DeepAR,DeepAR,DeepAR,4/4,DeepAR,DeepAR domina con RMSE 1.54 (vs Prophet 6.74). Gana en 4/4 metricas. MASE=0.17 supera naive seasonal.
146,Depresión,Guanajuato,mujeres,21.6008,16.966,21.296,0.9994,4.0887,2.0605,3.2097,0.1125,24.5815,20.6866,23.6168,1.1294,18.7079,15.0382,18.0393,0.821,DeepAR,DeepAR,DeepAR,DeepAR,4/4,DeepAR,DeepAR domina con RMSE 4.09 (vs Stacking 18.71). Gana en 4/4 metricas. MASE=0.11 supera naive seasonal.
147,Depresión,Guanajuato,general,26.3087,20.5136,19.9714,0.9951,3.0375,1.7651,1.9422,0.0807,28.9655,24.4636,21.7128,1.1188,22.7653,17.7801,16.4689,0.8131,DeepAR,DeepAR,DeepAR,DeepAR,4/4,DeepAR,DeepAR domina con RMSE 3.04 (vs Stacking 22.77). Gana en 4/4 metricas. MASE=0.08 supera naive seasonal.
148,Depresión,Guerrero,hombres,6.3498,5.0701,46.2784,0.8988,2.7878,1.4415,8.2081,0.2394,7.4761,5.9966,35.9374,0.9959,7.6453,6.0867,36.4946,1.0109,DeepAR,DeepAR,DeepAR,DeepAR,4/4,DeepAR,DeepAR domina con RMSE 2.79 (vs Prophet 6.35). Gana en 4/4 metricas. MASE=0.24 supera naive seasonal.
149,Depresión,Guerrero,mujeres,14.8256,12.3964,38.2378,0.7936,5.145,1.7557,5.0701,0.1106,25.0787,21.7256,46.7142,1.3654,22.8196,18.3059,37.4556,1.1505,DeepAR,DeepAR,DeepAR,DeepAR,4/4,DeepAR,DeepAR domina con RMSE 5.14 (vs Prophet 14.83). Gana en 4/4 metricas. MASE=0.11 supera naive seasonal.
150,Depresión,Guerrero,general,19.6069,16.2665,37.8054,0.8174,6.9566,2.0513,4.2162,0.0997,34.5038,30.3316,49.7021,1.4711,27.2756,21.5784,32.6157,1.0465,DeepAR,DeepAR,DeepAR,DeepAR,4/4,DeepAR,DeepAR domina con RMSE 6.96 (vs Prophet 19.61). Gana en 4/4 metricas. MASE=0.10 supera naive seasonal.
151,Depresión,Hidalgo,hombres,3.679,2.9353,32.859,0.6243,2.1518,1.1879,9.2953,0.2583,6.6292,4.8055,36.3224,1.0448,7.4308,5.6338,44.5424,1.2248,DeepAR,DeepAR,DeepAR,DeepAR,4/4,DeepAR,DeepAR domina con RMSE 2.15 (vs Prophet 3.68). Gana en 4/4 metricas. MASE=0.26 supera naive seasonal.
152,Depresión,Hidalgo,mujeres,13.6095,11.2283,25.5722,0.8751,8.214,4.8756,9.457,0.3616,16.1123,12.9736,25.335,0.9595,14.3417,11.5377,22.5829,0.8533,DeepAR,DeepAR,DeepAR,DeepAR,4/4,DeepAR,DeepAR domina con RMSE 8.21 (vs Prophet 13.61). Gana en 4/4 metricas. MASE=0.36 supera naive seasonal.
153,Depresión,Hidalgo,general,15.3638,12.5675,23.6763,0.7817,3.1742,1.8725,2.8044,0.114,16.9144,13.1265,19.8474,0.7976,17.0165,13.1332,19.9546,0.798,DeepAR,DeepAR,DeepAR,DeepAR,4/4,DeepAR,DeepAR domina con RMSE 3.17 (vs Prophet 15.36). Gana en 4/4 metricas. MASE=0.11 supera naive seasonal.
154,Depresión,Jalisco,hombres,15.9456,12.2961,21.919,0.8031,10.7337,5.2365,6.9438,0.3358,21.7892,16.3979,24.635,1.0516,20.1291,15.8941,23.8822,1.0193,DeepAR,DeepAR,DeepAR,DeepAR,4/4,DeepAR,DeepAR domina con RMSE 10.73 (vs Prophet 15.95). Gana en 4/4 metricas. MASE=0.34 supera naive seasonal.
155,Depresión,Jalisco,mujeres,30.186,22.9415,17.3039,0.7011,14.4866,8.2233,6.1532,0.2571,38.7369,31.8603,23.4737,0.9963,38.2744,32.5786,23.8786,1.0188,DeepAR,DeepAR,DeepAR,DeepAR,4/4,DeepAR,DeepAR domina con RMSE 14.49 (vs Prophet 30.19). Gana en 4/4 metricas. MASE=0.26 supera naive seasonal.
156,Depresión,Jalisco,general,41.694,31.437,16.7241,0.7161,14.7044,7.9327,3.9598,0.184,58.2206,48.0753,24.1801,1.1154,54.5327,46.4074,23.1004,1.0767,DeepAR,DeepAR,DeepAR,DeepAR,4/4,DeepAR,DeepAR domina con RMSE 14.70 (vs Prophet 41.69). Gana en 4/4 metricas. MASE=0.18 supera naive seasonal.
157,Depresión,Michoacán,hombres,11.1223,8.8318,33.5302,1.1849,1.2991,0.8803,3.0138,0.1057,9.6732,7.7283,22.6115,0.9251,19.6833,17.6739,42.7201,2.1155,DeepAR,DeepAR,DeepAR,DeepAR,4/4,DeepAR,DeepAR domina con RMSE 1.30 (vs Ensemble 9.67). Gana en 4/4 metricas. MASE=0.11 supera naive seasonal.
158,Depresión,Michoacán,mujeres,24.7844,18.3808,25.8215,1.1828,5.4698,1.9825,2.9764,0.1134,22.7898,18.8825,19.454,1.0752,40.1599,37.0262,33.7699,2.1084,DeepAR,DeepAR,DeepAR,DeepAR,4/4,DeepAR,DeepAR domina con RMSE 5.47 (vs Ensemble 22.79). Gana en 4/4 metricas. MASE=0.11 supera naive seasonal.
159,Depresión,Michoacán,general,33.5333,25.8169,26.2329,1.2392,1.7285,1.0901,1.0326,0.0462,26.8956,21.6994,16.8267,0.9158,65.454,60.873,38.98,2.5692,DeepAR,DeepAR,DeepAR,DeepAR,4/4,DeepAR,DeepAR domina con RMSE 1.73 (vs Ensemble 26.90). Gana en 4/4 metricas. MASE=0.05 supera naive seasonal.
160,Depresión,Morelos,hombres,5.769,4.2608,33.5027,0.6533,1.1018,0.3836,2.9351,0.0594,4.131,3.4543,24.5012,0.5336,4.5605,3.7538,26.6539,0.5799,DeepAR,DeepAR,DeepAR,DeepAR,4/4,DeepAR,DeepAR domina con RMSE 1.10 (vs Ensemble 4.13). Gana en 4/4 metricas. MASE=0.06 supera naive seasonal.
161,Depresión,Morelos,mujeres,13.2741,10.2834,23.3382,0.5833,0.8986,0.6283,1.5595,0.0379,10.0601,8.455,18.3255,0.5062,9.7978,8.1403,17.4965,0.4874,DeepAR,DeepAR,DeepAR,DeepAR,4/4,DeepAR,DeepAR domina con RMSE 0.90 (vs Stacking 9.80). Gana en 4/4 metricas. MASE=0.04 supera naive seasonal.
162,Depresión,Morelos,general,16.771,12.9133,22.6446,0.5727,1.1129,0.9277,1.3984,0.0435,12.1434,10.0359,16.4233,0.4683,12.076,9.7942,16.0093,0.4571,DeepAR,DeepAR,DeepAR,DeepAR,4/4,DeepAR,DeepAR domina con RMSE 1.11 (vs Stacking 12.08). Gana en 4/4 metricas. MASE=0.04 supera naive seasonal.
163,Depresión,México,hombres,24.8886,20.9548,34.973,1.3723,19.7209,10.3522,18.6217,0.6137,24.8787,14.8458,29.7087,0.8801,24.3178,14.4059,27.6752,0.854,DeepAR,DeepAR,DeepAR,DeepAR,4/4,DeepAR,DeepAR domina con RMSE 19.72 (vs Stacking 24.32). Gana en 4/4 metricas. MASE=0.61 supera naive seasonal.
164,Depresión,México,mujeres,61.7786,53.4002,31.4636,1.4088,2.4578,1.631,1.3155,0.0388,31.0172,23.6839,16.0524,0.563,35.0411,28.5029,19.2559,0.6775,DeepAR,DeepAR,DeepAR,DeepAR,4/4,DeepAR,DeepAR domina con RMSE 2.46 (vs Ensemble 31.02). Gana en 4/4 metricas. MASE=0.04 supera naive seasonal.
165,Depresión,México,general,85.3784,73.9472,32.209,1.4677,6.9862,4.9532,2.5222,0.0882,42.2705,32.2764,16.113,0.5745,60.9736,51.786,27.5902,0.9217,DeepAR,DeepAR,DeepAR,DeepAR,4/4,DeepAR,DeepAR domina con RMSE 6.99 (vs Ensemble 42.27). Gana en 4/4 metricas. MASE=0.09 supera naive seasonal.
166,Depresión,Nayarit,hombres,8.3439,6.7121,35.838,0.9472,4.7606,2.6772,9.5251,0.3734,13.6738,11.1849,43.0112,1.5561,10.685,8.4437,30.7385,1.1747,DeepAR,DeepAR,DeepAR,DeepAR,4/4,DeepAR,DeepAR domina con RMSE 4.76 (vs Prophet 8.34). Gana en 4/4 metricas. MASE=0.37 supera naive seasonal.
167,Depresión,Nayarit,mujeres,21.5313,18.33,38.5635,0.964,6.2331,3.4548,5.7354,0.1859,23.8115,19.7945,41.4794,1.0653,22.4696,18.3911,38.2357,0.9898,DeepAR,DeepAR,DeepAR,DeepAR,4/4,DeepAR,DeepAR domina con RMSE 6.23 (vs Prophet 21.53). Gana en 4/4 metricas. MASE=0.19 supera naive seasonal.
168,Depresión,Nayarit,general,29.728,25.1587,37.0095,1.0326,6.2353,4.0151,4.6483,0.1689,33.8607,28.7944,38.8788,1.2105,32.72,27.6221,37.4625,1.1612,DeepAR,DeepAR,DeepAR,DeepAR,4/4,DeepAR,DeepAR domina con RMSE 6.24 (vs Prophet 29.73). Gana en 4/4 metricas. MASE=0.17 supera naive seasonal.
169,Depresión,Nuevo León,hombres,8.3174,6.3839,24.849,0.8594,3.8791,2.4168,12.1605,0.304,10.215,8.341,29.8971,1.0492,10.3546,8.4454,30.2215,1.0623,DeepAR,DeepAR,DeepAR,DeepAR,4/4,DeepAR,DeepAR domina con RMSE 3.88 (vs Prophet 8.32). Gana en 4/4 metricas. MASE=0.30 supera naive seasonal.
170,Depresión,Nuevo León,mujeres,20.7837,15.8247,22.739,0.9441,11.5157,5.6154,7.3785,0.3071,22.2762,18.224,23.0026,0.9966,22.715,18.8515,23.6667,1.031,DeepAR,DeepAR,DeepAR,DeepAR,4/4,DeepAR,DeepAR domina con RMSE 11.52 (vs Prophet 20.78). Gana en 4/4 metricas. MASE=0.31 supera naive seasonal.
171,Depresión,Nuevo León,general,25.1675,18.6992,19.6203,0.8443,13.5703,7.5862,7.9103,0.3157,32.5226,26.8892,25.0721,1.1189,31.2383,25.7194,24.0689,1.0702,DeepAR,DeepAR,DeepAR,DeepAR,4/4,DeepAR,DeepAR domina con RMSE 13.57 (vs Prophet 25.17). Gana en 4/4 metricas. MASE=0.32 supera naive seasonal.
172,Depresión,Oaxaca,hombres,5.3717,4.1758,39.3742,0.9093,6.5665,3.985,24.4299,0.8331,12.2031,9.1173,55.3167,1.9022,10.6417,8.3601,49.5258,1.7442,Prophet,DeepAR,DeepAR,DeepAR,1/4,Prophet,Prophet domina con RMSE 5.37 (vs DeepAR 6.57). MASE=0.91 supera naive seasonal.
173,Depresión,Oaxaca,mujeres,11.3938,9.2265,36.121,0.8474,4.9134,2.7516,11.0668,0.2439,13.971,11.219,39.3705,0.9926,11.484,9.0954,30.9745,0.8047,DeepAR,DeepAR,DeepAR,DeepAR,4/4,DeepAR,DeepAR domina con RMSE 4.91 (vs Prophet 11.39). Gana en 4/4 metricas. MASE=0.24 supera naive seasonal.
174,Depresión,Oaxaca,general,13.8306,11.2869,31.7277,0.7872,5.5948,2.4243,7.3154,0.1663,20.643,16.3788,36.4236,1.1211,18.6177,14.7189,32.3816,1.0075,DeepAR,DeepAR,DeepAR,DeepAR,4/4,DeepAR,DeepAR domina con RMSE 5.59 (vs Prophet 13.83). Gana en 4/4 metricas. MASE=0.17 supera naive seasonal.
175,Depresión,Puebla,hombres,12.5476,9.6043,40.3048,0.9792,7.7689,4.7983,22.5955,0.4407,15.1627,11.8182,52.3013,1.0852,15.6398,12.61,54.6472,1.1579,DeepAR,DeepAR,DeepAR,DeepAR,4/4,DeepAR,DeepAR domina con RMSE 7.77 (vs Prophet 12.55). Gana en 4/4 metricas. MASE=0.44 supera naive seasonal.
176,Depresión,Puebla,mujeres,28.9212,21.0967,35.8761,1.0139,22.4256,13.6503,26.455,0.5944,37.8447,30.6593,51.9296,1.3338,40.1186,34.5667,56.7435,1.5038,DeepAR,DeepAR,DeepAR,DeepAR,4/4,DeepAR,DeepAR domina con RMSE 22.43 (vs Prophet 28.92). Gana en 4/4 metricas. MASE=0.59 supera naive seasonal.
177,Depresión,Puebla,general,38.0762,28.1737,33.8684,0.9782,24.1853,13.2303,16.2813,0.4194,53.6393,44.8368,53.2052,1.42,55.4012,48.0291,56.0483,1.5211,DeepAR,DeepAR,DeepAR,DeepAR,4/4,DeepAR,DeepAR domina con RMSE 24.19 (vs Prophet 38.08). Gana en 4/4 metricas. MASE=0.42 supera naive seasonal.
178,Depresión,Querétaro,hombres,2.503,2.0144,48.3007,0.7974,1.2125,0.6134,14.4852,0.2381,3.5879,2.5782,46.3041,1.0006,3.4684,2.663,46.1138,1.0335,DeepAR,DeepAR,DeepAR,DeepAR,4/4,DeepAR,DeepAR domina con RMSE 1.21 (vs Prophet 2.50). Gana en 4/4 metricas. MASE=0.24 supera naive seasonal.
179,Depresión,Querétaro,mujeres,8.1603,5.5666,34.8173,0.8845,5.1943,2.1883,11.8988,0.3303,9.1859,6.5142,33.9659,0.9834,9.342,7.6129,38.3486,1.1492,DeepAR,DeepAR,DeepAR,DeepAR,4/4,DeepAR,DeepAR domina con RMSE 5.19 (vs Prophet 8.16). Gana en 4/4 metricas. MASE=0.33 supera naive seasonal.
180,Depresión,Querétaro,general,9.2095,6.5419,31.7272,0.8501,5.1904,2.4394,9.7491,0.3011,11.7927,8.2633,32.5259,1.02,11.957,9.7123,36.5748,1.1988,DeepAR,DeepAR,DeepAR,DeepAR,4/4,DeepAR,DeepAR domina con RMSE 5.19 (vs Prophet 9.21). Gana en 4/4 metricas. MASE=0.30 supera naive seasonal.
181,Depresión,Quintana Roo,hombres,4.1514,3.1972,41.8546,0.8851,2.2004,1.176,16.9345,0.308,4.2271,3.126,42.2505,0.8187,4.9498,4.3615,54.3568,1.1423,DeepAR,DeepAR,DeepAR,DeepAR,4/4,DeepAR,DeepAR domina con RMSE 2.20 (vs Prophet 4.15). Gana en 4/4 metricas. MASE=0.31 supera naive seasonal.
182,Depresión,Quintana Roo,mujeres,7.569,6.185,28.3541,0.694,2.2532,1.0562,6.4692,0.1224,7.7536,5.6856,27.9299,0.6588,7.4562,5.8208,27.6718,0.6745,DeepAR,DeepAR,DeepAR,DeepAR,4/4,DeepAR,DeepAR domina con RMSE 2.25 (vs Stacking 7.46). Gana en 4/4 metricas. MASE=0.12 supera naive seasonal.
183,Depresión,Quintana Roo,general,10.4288,8.381,27.8445,0.7571,2.9342,1.8779,7.4145,0.1709,10.9653,7.8738,28.5199,0.7163,10.6193,8.5248,29.2411,0.7755,DeepAR,DeepAR,DeepAR,DeepAR,4/4,DeepAR,DeepAR domina con RMSE 2.93 (vs Prophet 10.43). Gana en 4/4 metricas. MASE=0.17 supera naive seasonal.
184,Depresión,San Luis Potosí,hombres,6.1035,4.6428,35.1704,0.6833,1.1606,0.6369,5.113,0.0952,5.9385,4.4557,30.2873,0.6661,6.5002,5.2683,34.8262,0.7875,DeepAR,DeepAR,DeepAR,DeepAR,4/4,DeepAR,DeepAR domina con RMSE 1.16 (vs Ensemble 5.94). Gana en 4/4 metricas. MASE=0.10 supera naive seasonal.
185,Depresión,San Luis Potosí,mujeres,12.818,10.081,25.4545,0.7382,2.2812,1.016,3.2404,0.0765,12.466,10.1026,23.6735,0.7587,15.0107,12.5228,27.6599,0.9404,DeepAR,DeepAR,DeepAR,DeepAR,4/4,DeepAR,DeepAR domina con RMSE 2.28 (vs Ensemble 12.47). Gana en 4/4 metricas. MASE=0.08 supera naive seasonal.
186,Depresión,San Luis Potosí,general,16.6663,13.5717,25.429,0.7599,2.6598,1.5916,3.2679,0.0917,16.3693,12.9216,22.371,0.7424,20.7302,17.5257,28.5463,1.007,DeepAR,DeepAR,DeepAR,DeepAR,4/4,DeepAR,DeepAR domina con RMSE 2.66 (vs Ensemble 16.37). Gana en 4/4 metricas. MASE=0.09 supera naive seasonal.
187,Depresión,Sinaloa,hombres,7.3128,6.0102,29.7125,0.7868,2.1563,0.7307,4.2219,0.0952,6.1513,4.9263,19.8613,0.6421,11.2497,10.2517,35.9913,1.3362,DeepAR,DeepAR,DeepAR,DeepAR,4/4,DeepAR,DeepAR domina con RMSE 2.16 (vs Ensemble 6.15). Gana en 4/4 metricas. MASE=0.10 supera naive seasonal.
188,Depresión,Sinaloa,mujeres,15.2016,12.3008,21.3682,0.6652,6.1092,2.504,4.7764,0.1422,12.958,9.1646,14.4091,0.5204,19.2283,16.1884,23.3265,0.9193,DeepAR,DeepAR,DeepAR,DeepAR,4/4,DeepAR,DeepAR domina con RMSE 6.11 (vs Ensemble 12.96). Gana en 4/4 metricas. MASE=0.14 supera naive seasonal.
189,Depresión,Sinaloa,general,20.8576,17.1916,21.9063,0.7315,8.4269,3.3301,4.1635,0.1469,17.4677,13.294,14.9302,0.5863,28.6077,25.1157,25.6655,1.1076,DeepAR,DeepAR,DeepAR,DeepAR,4/4,DeepAR,DeepAR domina con RMSE 8.43 (vs Ensemble 17.47). Gana en 4/4 metricas. MASE=0.15 supera naive seasonal.
190,Depresión,Sonora,hombres,6.8795,5.3868,34.4431,0.9745,1.6468,0.7516,5.8035,0.1287,5.2637,4.4864,30.0672,0.7653,7.5594,6.6419,40.2844,1.133,DeepAR,DeepAR,DeepAR,DeepAR,4/4,DeepAR,DeepAR domina con RMSE 1.65 (vs Ensemble 5.26). Gana en 4/4 metricas. MASE=0.13 supera naive seasonal.
191,Depresión,Sonora,mujeres,16.5174,13.3032,28.8795,0.9775,6.5062,3.6858,8.6845,0.2632,16.2695,13.4687,33.439,0.9617,10.4054,7.7803,17.648,0.5555,DeepAR,DeepAR,DeepAR,DeepAR,4/4,DeepAR,DeepAR domina con RMSE 6.51 (vs Stacking 10.41). Gana en 4/4 metricas. MASE=0.26 supera naive seasonal.
192,Depresión,Sonora,general,21.7078,17.7613,29.1671,1.0406,7.9866,3.6087,6.55,0.2034,15.0665,10.9783,19.5083,0.6188,12.3625,9.4099,16.0706,0.5304,DeepAR,DeepAR,DeepAR,DeepAR,4/4,DeepAR,DeepAR domina con RMSE 7.99 (vs Stacking 12.36). Gana en 4/4 metricas. MASE=0.20 supera naive seasonal.
193,Depresión,Tabasco,hombres,11.0625,8.414,40.3078,1.3068,0.7489,0.3634,1.8391,0.0437,12.0591,9.9398,38.5103,1.1955,9.5194,7.9903,32.7215,0.961,DeepAR,DeepAR,DeepAR,DeepAR,4/4,DeepAR,DeepAR domina con RMSE 0.75 (vs Stacking 9.52). Gana en 4/4 metricas. MASE=0.04 supera naive seasonal.
194,Depresión,Tabasco,mujeres,20.97,16.4198,32.8878,1.1561,2.3172,1.3814,3.5373,0.0795,13.624,11.2009,22.4214,0.6443,15.2275,12.5426,24.5526,0.7215,DeepAR,DeepAR,DeepAR,DeepAR,4/4,DeepAR,DeepAR domina con RMSE 2.32 (vs Ensemble 13.62). Gana en 4/4 metricas. MASE=0.08 supera naive seasonal.
195,Depresión,Tabasco,general,28.0228,22.5123,32.0204,1.1747,7.1655,4.1594,5.7854,0.1757,19.9679,16.2853,21.5198,0.6878,17.8688,14.4922,19.3406,0.6121,DeepAR,DeepAR,DeepAR,DeepAR,4/4,DeepAR,DeepAR domina con RMSE 7.17 (vs Stacking 17.87). Gana en 4/4 metricas. MASE=0.18 supera naive seasonal.
196,Depresión,Tamaulipas,hombres,8.1605,6.1772,30.8675,0.6081,1.0541,0.5426,3.5234,0.0562,8.6946,7.5524,43.4653,0.7822,6.3751,5.2662,33.6531,0.5454,DeepAR,DeepAR,DeepAR,DeepAR,4/4,DeepAR,DeepAR domina con RMSE 1.05 (vs Stacking 6.38). Gana en 4/4 metricas. MASE=0.06 supera naive seasonal.
197,Depresión,Tamaulipas,mujeres,15.5601,11.7777,21.6563,0.6405,5.0169,2.6838,6.5077,0.1521,11.0783,8.1861,17.89,0.4624,13.0846,10.7225,22.3417,0.6056,DeepAR,DeepAR,DeepAR,DeepAR,4/4,DeepAR,DeepAR domina con RMSE 5.02 (vs Ensemble 11.08). Gana en 4/4 metricas. MASE=0.15 supera naive seasonal.
198,Depresión,Tamaulipas,general,21.1564,16.191,21.7361,0.6336,4.7918,2.1144,4.4927,0.0868,16.6262,12.8392,20.5188,0.5263,17.8026,14.4126,22.4542,0.5908,DeepAR,DeepAR,DeepAR,DeepAR,4/4,DeepAR,DeepAR domina con RMSE 4.79 (vs Ensemble 16.63). Gana en 4/4 metricas. MASE=0.09 supera naive seasonal.
199,Depresión,Tlaxcala,hombres,2.9383,2.3922,47.3755,1.0937,0.4819,0.2163,15.3851,0.0909,3.0017,2.3743,53.555,0.9971,2.8072,2.2755,53.8764,0.9556,DeepAR,DeepAR,DeepAR,DeepAR,4/4,DeepAR,DeepAR domina con RMSE 0.48 (vs Stacking 2.81). Gana en 4/4 metricas. MASE=0.09 supera naive seasonal.
200,Depresión,Tlaxcala,mujeres,6.78,5.2323,30.3985,1.0818,1.7897,1.0131,6.361,0.1882,5.6342,4.4468,24.8193,0.8261,9.6345,8.6051,42.0418,1.5985,DeepAR,DeepAR,DeepAR,DeepAR,4/4,DeepAR,DeepAR domina con RMSE 1.79 (vs Ensemble 5.63). Gana en 4/4 metricas. MASE=0.19 supera naive seasonal.
201,Depresión,Tlaxcala,general,7.982,6.2958,28.1246,1.0495,3.8222,2.4344,11.4651,0.368,7.6579,6.3608,27.5861,0.9616,11.3515,9.9463,39.2375,1.5036,DeepAR,DeepAR,DeepAR,DeepAR,4/4,DeepAR,DeepAR domina con RMSE 3.82 (vs Ensemble 7.66). Gana en 4/4 metricas. MASE=0.37 supera naive seasonal.
202,Depresión,Veracruz,hombres,9.2054,7.2161,23.6526,0.7426,0.4657,0.3427,1.4672,0.0362,7.911,6.3051,22.2963,0.6672,8.6328,7.1185,25.2524,0.7533,DeepAR,DeepAR,DeepAR,DeepAR,4/4,DeepAR,DeepAR domina con RMSE 0.47 (vs Ensemble 7.91). Gana en 4/4 metricas. MASE=0.04 supera naive seasonal.
203,Depresión,Veracruz,mujeres,24.2194,19.9291,21.9711,0.7264,3.24,1.9017,2.9104,0.073,21.09,16.5685,18.1264,0.6359,26.2744,21.6625,23.5373,0.8314,DeepAR,DeepAR,DeepAR,DeepAR,4/4,DeepAR,DeepAR domina con RMSE 3.24 (vs Ensemble 21.09). Gana en 4/4 metricas. MASE=0.07 supera naive seasonal.
204,Depresión,Veracruz,general,32.7004,26.8777,21.8153,0.7734,4.1897,2.5359,2.3158,0.0769,26.2185,21.0923,17.3979,0.6395,30.8668,25.1022,20.68,0.7611,DeepAR,DeepAR,DeepAR,DeepAR,4/4,DeepAR,DeepAR domina con RMSE 4.19 (vs Ensemble 26.22). Gana en 4/4 metricas. MASE=0.08 supera naive seasonal.
205,Depresión,Yucatán,hombres,6.8154,5.3004,39.5468,1.1063,1.3348,0.8684,4.0817,0.1632,7.6523,6.1786,27.6456,1.1627,7.0765,5.3059,23.5729,0.9984,DeepAR,DeepAR,DeepAR,DeepAR,4/4,DeepAR,DeepAR domina con RMSE 1.33 (vs Prophet 6.82). Gana en 4/4 metricas. MASE=0.16 supera naive seasonal.
206,Depresión,Yucatán,mujeres,15.3052,12.3412,30.1408,1.0349,3.8169,2.0017,3.7161,0.16,27.4205,24.4299,39.2869,1.9547,15.1405,12.5007,19.0358,1.0002,DeepAR,DeepAR,DeepAR,DeepAR,4/4,DeepAR,DeepAR domina con RMSE 3.82 (vs Stacking 15.14). Gana en 4/4 metricas. MASE=0.16 supera naive seasonal.
207,Depresión,Yucatán,general,20.7066,16.6769,30.9044,1.0949,8.1261,4.0882,5.5838,0.2498,30.593,26.9456,31.3916,1.6478,18.1595,14.8268,16.8491,0.9067,DeepAR,DeepAR,DeepAR,DeepAR,4/4,DeepAR,DeepAR domina con RMSE 8.13 (vs Stacking 18.16). Gana en 4/4 metricas. MASE=0.25 supera naive seasonal.
208,Depresión,Zacatecas,hombres,4.3678,3.6428,38.4408,1.0044,1.8325,1.1344,10.0321,0.2976,6.0943,4.3312,35.8566,1.1361,5.9631,4.5248,36.7484,1.1869,DeepAR,DeepAR,DeepAR,DeepAR,4/4,DeepAR,DeepAR domina con RMSE 1.83 (vs Prophet 4.37). Gana en 4/4 metricas. MASE=0.30 supera naive seasonal.
209,Depresión,Zacatecas,mujeres,10.6761,8.7414,27.7038,1.0607,4.1993,1.4301,4.445,0.1626,11.6318,9.4267,24.3753,1.0697,15.778,12.6594,30.5229,1.4366,DeepAR,DeepAR,DeepAR,DeepAR,4/4,DeepAR,DeepAR domina con RMSE 4.20 (vs Prophet 10.68). Gana en 4/4 metricas. MASE=0.16 supera naive seasonal.
210,Depresión,Zacatecas,general,13.6686,11.1967,27.0543,1.0967,5.7866,2.1937,4.6209,0.2003,15.9126,12.3415,24.2546,1.1251,20.7167,16.7353,30.6364,1.5256,DeepAR,DeepAR,DeepAR,DeepAR,4/4,DeepAR,DeepAR domina con RMSE 5.79 (vs Prophet 13.67). Gana en 4/4 metricas. MASE=0.20 supera naive seasonal.
211,Depresión,region_Metropolitana alta,hombres,52.7675,44.4643,17.5573,1.0107,46.2727,34.3333,12.4561,0.744,80.7516,68.4912,27.0191,1.4842,71.8626,60.3958,23.5938,1.3088,DeepAR,DeepAR,DeepAR,DeepAR,4/4,DeepAR,DeepAR domina con RMSE 46.27 (vs Prophet 52.77). Gana en 4/4 metricas. MASE=0.74 supera naive seasonal.
212,Depresión,region_Metropolitana alta,mujeres,132.8736,112.9738,16.8599,0.9088,123.013,96.4983,13.5471,0.7665,124.874,102.023,14.6685,0.8104,126.3585,101.8749,14.4355,0.8092,DeepAR,DeepAR,DeepAR,DeepAR,4/4,DeepAR,"DeepAR gana por margen minimo (RMSE 123.01 vs Ensemble 124.87, -1.5%). Gana en 4/4 metricas. MASE=0.77 supera naive seasonal."
213,Depresión,region_Metropolitana alta,general,175.9755,152.6425,16.7059,0.9427,110.4647,91.9836,9.6123,0.5555,209.6871,174.5924,18.4402,1.0544,228.3187,198.8178,21.6594,1.2007,DeepAR,DeepAR,DeepAR,DeepAR,4/4,DeepAR,DeepAR domina con RMSE 110.46 (vs Prophet 175.98). Gana en 4/4 metricas. MASE=0.56 supera naive seasonal.
214,Depresión,region_Rural / dispersa,hombres,32.2231,26.9864,21.6101,1.0796,16.8075,13.6544,9.167,0.5237,27.4721,17.3058,11.3546,0.6637,27.5399,16.745,11.053,0.6421,DeepAR,DeepAR,DeepAR,DeepAR,4/4,DeepAR,DeepAR domina con RMSE 16.81 (vs Ensemble 27.47). Gana en 4/4 metricas. MASE=0.52 supera naive seasonal.
215,Depresión,region_Rural / dispersa,mujeres,85.9745,74.1585,20.5595,1.0528,37.1644,29.8073,6.9661,0.417,64.2549,43.6312,10.3024,0.6097,67.2364,43.2946,10.4886,0.605,DeepAR,DeepAR,DeepAR,DeepAR,4/4,DeepAR,DeepAR domina con RMSE 37.16 (vs Ensemble 64.25). Gana en 4/4 metricas. MASE=0.42 supera naive seasonal.
216,Depresión,region_Rural / dispersa,general,118.4614,103.1072,20.9247,1.1199,55.5226,42.4826,7.2953,0.4539,90.1292,58.876,10.2764,0.6285,100.3896,62.9215,11.3884,0.6717,DeepAR,DeepAR,DeepAR,DeepAR,4/4,DeepAR,DeepAR domina con RMSE 55.52 (vs Ensemble 90.13). Gana en 4/4 metricas. MASE=0.45 supera naive seasonal.
217,Depresión,region_Sur-Sureste vulnerable,hombres,20.6226,17.2841,24.7493,1.1979,15.6222,12.2297,12.9587,0.7529,26.9707,21.5626,22.8262,1.325,18.9395,14.9329,15.352,0.9176,DeepAR,DeepAR,DeepAR,DeepAR,4/4,DeepAR,DeepAR domina con RMSE 15.62 (vs Stacking 18.94). Gana en 4/4 metricas. MASE=0.75 supera naive seasonal.
218,Depresión,region_Sur-Sureste vulnerable,mujeres,41.9293,33.5963,18.0574,0.8648,29.3672,20.8824,9.1055,0.4961,50.1881,42.8484,17.9842,1.0129,34.4883,26.6241,11.2881,0.6294,DeepAR,DeepAR,DeepAR,DeepAR,4/4,DeepAR,DeepAR domina con RMSE 29.37 (vs Stacking 34.49). Gana en 4/4 metricas. MASE=0.50 supera naive seasonal.
219,Depresión,region_Sur-Sureste vulnerable,general,57.231,46.0508,18.0206,0.9274,45.3975,37.5545,11.4709,0.6903,74.4409,64.2024,19.5047,1.1751,46.9243,36.2631,11.0009,0.6637,DeepAR,Stacking,Stacking,Stacking,3/4,Stacking,Stacking elegido por desempate MASE/MAE (RMSE 46.92 vs DeepAR 45.40). Gana en 3/4 metricas. MASE=0.66 supera naive seasonal.
220,Depresión,region_Urbana media,hombres,40.989,34.2607,14.1014,0.6854,32.333,25.2147,9.655,0.5275,48.4272,31.7504,11.7718,0.6619,62.6328,44.1421,16.9851,0.9202,DeepAR,DeepAR,DeepAR,DeepAR,4/4,DeepAR,DeepAR domina con RMSE 32.33 (vs Prophet 40.99). Gana en 4/4 metricas. MASE=0.53 supera naive seasonal.
221,Depresión,region_Urbana media,mujeres,110.5991,91.7586,13.4597,0.7121,53.864,40.4395,5.8446,0.3215,117.8444,84.5388,11.9505,0.6692,103.74,66.442,9.0632,0.5259,DeepAR,DeepAR,DeepAR,DeepAR,4/4,DeepAR,DeepAR domina con RMSE 53.86 (vs Stacking 103.74). Gana en 4/4 metricas. MASE=0.32 supera naive seasonal.
222,Depresión,region_Urbana media,general,145.6816,122.4496,13.2472,0.6995,86.8888,66.3429,6.8497,0.3908,224.2418,189.3879,19.9006,1.111,186.4522,129.3473,13.2851,0.7588,DeepAR,DeepAR,DeepAR,DeepAR,4/4,DeepAR,DeepAR domina con RMSE 86.89 (vs Prophet 145.68). Gana en 4/4 metricas. MASE=0.39 supera naive seasonal.
223,Parkinson,Nacional,hombres,24.9758,21.2174,24.4903,0.8412,14.9908,12.2156,15.9955,0.5002,19.0294,15.8015,19.7406,0.647,15.7456,12.5886,15.931,0.5154,DeepAR,DeepAR,Stacking,DeepAR,3/4,DeepAR,"DeepAR gana por margen minimo (RMSE 14.99 vs Stacking 15.75, -4.8%). Gana en 3/4 metricas. MASE=0.50 supera naive seasonal."
224,Parkinson,Nacional,mujeres,23.0922,19.4538,26.6094,0.8062,26.2461,21.7433,33.2643,0.9232,20.2022,14.3375,19.528,0.6088,20.8584,13.9956,19.0229,0.5943,Ensemble,Stacking,Stacking,Stacking,3/4,Stacking,Stacking elegido por desempate MASE/MAE (RMSE 20.86 vs Ensemble 20.20). Gana en 3/4 metricas. MASE=0.59 supera naive seasonal.
225,Parkinson,Nacional,general,44.2673,35.5795,22.3884,0.7612,70.6787,61.543,52.9113,1.3581,34.0531,24.9854,16.1876,0.5514,46.6508,35.0269,25.4821,0.7729,Ensemble,Ensemble,Ensemble,Ensemble,4/4,Ensemble,Ensemble domina con RMSE 34.05 (vs Prophet 44.27). Gana en 4/4 metricas. MASE=0.55 supera naive seasonal.
226,Parkinson,Aguascalientes,hombres,0.9286,0.7524,126.1682,0.8468,0.7,0.5207,142.3408,0.5722,0.7296,0.6072,111.4776,0.6659,0.7791,0.6094,169.468,0.6683,DeepAR,DeepAR,Ensemble,DeepAR,3/4,DeepAR,"DeepAR gana por margen minimo (RMSE 0.70 vs Ensemble 0.73, -4.1%). Gana en 3/4 metricas. MASE=0.57 supera naive seasonal."
227,Parkinson,Aguascalientes,mujeres,0.7431,0.6267,141.4707,0.8144,0.5065,0.3557,161.5288,0.463,0.5687,0.5203,151.5344,0.6772,0.6814,0.4286,200.0,0.5579,DeepAR,DeepAR,Prophet,DeepAR,3/4,DeepAR,DeepAR domina con RMSE 0.51 (vs Ensemble 0.57). Gana en 3/4 metricas. MASE=0.46 supera naive seasonal. Serie de bajo volumen.
228,Parkinson,Aguascalientes,general,1.2156,0.9147,82.8477,0.7082,0.498,0.3092,68.3927,0.237,1.0132,0.883,86.778,0.6769,0.863,0.694,89.2689,0.5319,DeepAR,DeepAR,DeepAR,DeepAR,4/4,DeepAR,DeepAR domina con RMSE 0.50 (vs Stacking 0.86). Gana en 4/4 metricas. MASE=0.24 supera naive seasonal.
229,Parkinson,Baja California,hombres,1.4807,1.2345,70.5804,0.6207,0.5805,0.3827,64.8876,0.2028,1.5468,1.3173,94.1184,0.6967,1.1903,0.8634,89.6924,0.4566,DeepAR,DeepAR,DeepAR,DeepAR,4/4,DeepAR,DeepAR domina con RMSE 0.58 (vs Stacking 1.19). Gana en 4/4 metricas. MASE=0.20 supera naive seasonal.
230,Parkinson,Baja California,mujeres,1.9793,1.2926,83.1557,0.6532,0.536,0.3078,72.4706,0.1578,1.1016,0.88,91.8436,0.4504,1.2089,0.9039,113.9867,0.4626,DeepAR,DeepAR,DeepAR,DeepAR,4/4,DeepAR,DeepAR domina con RMSE 0.54 (vs Ensemble 1.10). Gana en 4/4 metricas. MASE=0.16 supera naive seasonal.
231,Parkinson,Baja California,general,2.575,1.9337,54.5169,0.6018,0.5394,0.2506,30.0733,0.0809,1.7603,1.3926,61.3017,0.4484,1.7225,1.3162,64.7248,0.4238,DeepAR,DeepAR,DeepAR,DeepAR,4/4,DeepAR,DeepAR domina con RMSE 0.54 (vs Stacking 1.72). Gana en 4/4 metricas. MASE=0.08 supera naive seasonal.
232,Parkinson,Baja California Sur,hombres,0.8401,0.6877,147.6416,0.9467,1.1723,0.9118,138.8835,1.1839,1.266,1.0148,140.0652,1.3177,1.5811,1.0714,200.0,1.3913,Prophet,Prophet,DeepAR,Prophet,3/4,Prophet,Prophet domina con RMSE 0.84 (vs DeepAR 1.17). Gana en 3/4 metricas. MASE=0.95 supera naive seasonal.
233,Parkinson,Baja California Sur,mujeres,0.7302,0.5703,165.3486,1.0058,0.7422,0.4587,169.0687,0.8089,0.7682,0.5369,175.2799,0.9468,0.8557,0.4464,200.0,0.7873,Prophet,Stacking,Prophet,Stacking,0/4,DeepAR,DeepAR elegido por desempate MASE/MAE (RMSE 0.74 vs Prophet 0.73). MASE=0.81 supera naive seasonal. Serie de bajo volumen.
234,Parkinson,Baja California Sur,general,1.1114,0.8724,112.9567,0.8223,1.0734,0.6858,99.8704,0.6303,1.4883,1.2251,108.984,1.1259,1.7777,1.3861,151.6747,1.2738,DeepAR,DeepAR,DeepAR,DeepAR,4/4,DeepAR,"DeepAR gana por margen minimo (RMSE 1.07 vs Prophet 1.11, -3.4%). Gana en 4/4 metricas. MASE=0.63 supera naive seasonal."
235,Parkinson,Campeche,hombres,1.1211,0.8712,123.0896,1.0579,1.3634,0.9405,73.7357,1.1008,1.5319,0.9949,83.0979,1.1567,1.8486,1.3235,139.3616,1.5387,Prophet,Prophet,DeepAR,Prophet,3/4,Prophet,Prophet domina con RMSE 1.12 (vs DeepAR 1.36). Gana en 3/4 metricas.
236,Parkinson,Campeche,mujeres,0.8644,0.7085,129.6947,0.9941,0.8813,0.6878,128.6146,0.973,0.8826,0.7086,129.4002,0.9943,1.1339,0.75,200.0,1.0524,Prophet,DeepAR,DeepAR,DeepAR,3/4,DeepAR,DeepAR elegido por desempate MASE/MAE (RMSE 0.88 vs Prophet 0.86). Gana en 3/4 metricas. MASE=0.97 supera naive seasonal.
237,Parkinson,Campeche,general,1.395,1.1223,95.3123,0.8694,1.4972,1.0824,57.1909,0.8446,1.8749,1.2989,67.2225,1.0044,2.0373,1.437,79.5578,1.1113,Prophet,DeepAR,DeepAR,DeepAR,1/4,Prophet,Prophet domina con RMSE 1.40 (vs DeepAR 1.50). MASE=0.87 supera naive seasonal.
238,Parkinson,Chiapas,hombres,1.3849,1.0397,70.7194,0.6388,0.3972,0.2422,23.6624,0.1509,1.0168,0.851,50.5419,0.5301,1.1864,0.9597,58.6216,0.5978,DeepAR,DeepAR,DeepAR,DeepAR,4/4,DeepAR,DeepAR domina con RMSE 0.40 (vs Ensemble 1.02). Gana en 4/4 metricas. MASE=0.15 supera naive seasonal.
239,Parkinson,Chiapas,mujeres,1.4085,1.0751,90.8577,0.8414,0.7337,0.3941,55.1696,0.2973,1.3627,1.0621,82.1445,0.8012,1.3304,0.952,79.4484,0.7182,DeepAR,DeepAR,DeepAR,DeepAR,4/4,DeepAR,DeepAR domina con RMSE 0.73 (vs Stacking 1.33). Gana en 4/4 metricas. MASE=0.30 supera naive seasonal.
240,Parkinson,Chiapas,general,2.1246,1.6491,57.5735,0.6994,0.3295,0.1507,5.8221,0.064,1.6934,1.3279,41.3868,0.5645,1.7257,1.3362,41.533,0.568,DeepAR,DeepAR,DeepAR,DeepAR,4/4,DeepAR,DeepAR domina con RMSE 0.33 (vs Ensemble 1.69). Gana en 4/4 metricas. MASE=0.06 supera naive seasonal.
241,Parkinson,Chihuahua,hombres,2.3102,1.8366,44.1689,0.7041,1.1503,0.5874,30.5294,0.2292,2.4315,2.0343,56.7689,0.7937,2.4992,2.1096,57.9998,0.823,DeepAR,DeepAR,DeepAR,DeepAR,4/4,DeepAR,DeepAR domina con RMSE 1.15 (vs Prophet 2.31). Gana en 4/4 metricas. MASE=0.23 supera naive seasonal.
242,Parkinson,Chihuahua,mujeres,2.4034,1.8736,50.0341,0.591,0.2062,0.1439,3.7949,0.0478,2.2123,1.776,39.7911,0.5875,2.1969,1.7822,39.6353,0.5896,DeepAR,DeepAR,DeepAR,DeepAR,4/4,DeepAR,DeepAR domina con RMSE 0.21 (vs Stacking 2.20). Gana en 4/4 metricas. MASE=0.05 supera naive seasonal.
243,Parkinson,Chihuahua,general,4.0533,3.2206,37.7894,0.6721,1.1655,0.7064,9.9605,0.1542,4.1669,3.5127,39.2864,0.7666,3.7025,2.99,35.1231,0.6525,DeepAR,DeepAR,DeepAR,DeepAR,4/4,DeepAR,DeepAR domina con RMSE 1.17 (vs Stacking 3.70). Gana en 4/4 metricas. MASE=0.15 supera naive seasonal.
244,Parkinson,Ciudad de México,hombres,3.1385,2.5294,73.4507,0.3953,0.51,0.2524,26.4524,0.0465,2.6643,2.3047,75.4695,0.4245,1.8576,1.5365,63.1716,0.283,DeepAR,DeepAR,DeepAR,DeepAR,4/4,DeepAR,DeepAR domina con RMSE 0.51 (vs Stacking 1.86). Gana en 4/4 metricas. MASE=0.05 supera naive seasonal.
245,Parkinson,Ciudad de México,mujeres,3.0171,2.4194,74.2683,0.3875,0.5605,0.3137,35.2434,0.0588,2.9236,2.6072,90.1638,0.4887,1.6204,1.2914,66.1425,0.242,DeepAR,DeepAR,DeepAR,DeepAR,4/4,DeepAR,DeepAR domina con RMSE 0.56 (vs Stacking 1.62). Gana en 4/4 metricas. MASE=0.06 supera naive seasonal.
246,Parkinson,Ciudad de México,general,5.0973,4.1854,59.2495,0.3495,0.4902,0.1967,8.7731,0.0196,5.1882,4.5788,74.0204,0.4564,2.9586,2.477,51.946,0.2469,DeepAR,DeepAR,DeepAR,DeepAR,4/4,DeepAR,DeepAR domina con RMSE 0.49 (vs Stacking 2.96). Gana en 4/4 metricas. MASE=0.02 supera naive seasonal.
247,Parkinson,Coahuila,hombres,1.7657,1.3424,64.9919,0.6254,1.4863,0.7247,70.7762,0.342,1.9778,1.6686,91.6777,0.7833,1.8996,1.5509,97.1303,0.728,DeepAR,DeepAR,Prophet,DeepAR,3/4,DeepAR,DeepAR domina con RMSE 1.49 (vs Prophet 1.77). Gana en 3/4 metricas. MASE=0.34 supera naive seasonal.
248,Parkinson,Coahuila,mujeres,1.8961,1.4258,86.644,0.6983,1.178,0.9082,78.2441,0.4567,1.4777,1.2222,86.4045,0.6128,1.2741,1.0328,92.3779,0.5179,DeepAR,DeepAR,DeepAR,DeepAR,4/4,DeepAR,DeepAR domina con RMSE 1.18 (vs Stacking 1.27). Gana en 4/4 metricas. MASE=0.46 supera naive seasonal.
249,Parkinson,Coahuila,general,2.8257,2.1441,54.3564,0.5646,1.7966,1.0058,37.2612,0.2778,2.8083,2.3199,67.6368,0.6377,2.5387,1.9621,63.2096,0.5393,DeepAR,DeepAR,DeepAR,DeepAR,4/4,DeepAR,DeepAR domina con RMSE 1.80 (vs Stacking 2.54). Gana en 4/4 metricas. MASE=0.28 supera naive seasonal.
250,Parkinson,Colima,hombres,1.709,1.3647,43.1233,0.8839,0.3229,0.1788,23.475,0.112,2.1886,1.8915,73.3452,1.1825,1.691,1.384,62.3475,0.8652,DeepAR,DeepAR,DeepAR,DeepAR,4/4,DeepAR,DeepAR domina con RMSE 0.32 (vs Stacking 1.69). Gana en 4/4 metricas. MASE=0.11 supera naive seasonal.
251,Parkinson,Colima,mujeres,1.614,1.3018,58.2409,0.9096,0.2419,0.1351,20.5691,0.092,1.3964,1.0956,55.5687,0.7437,1.5307,1.1169,60.337,0.7581,DeepAR,DeepAR,DeepAR,DeepAR,4/4,DeepAR,DeepAR domina con RMSE 0.24 (vs Ensemble 1.40). Gana en 4/4 metricas. MASE=0.09 supera naive seasonal.
252,Parkinson,Colima,general,2.6057,2.1299,37.8814,0.9198,0.8039,0.3004,10.7021,0.1269,2.7798,2.3231,50.464,0.9779,2.4866,1.8951,43.7436,0.7978,DeepAR,DeepAR,DeepAR,DeepAR,4/4,DeepAR,DeepAR domina con RMSE 0.80 (vs Stacking 2.49). Gana en 4/4 metricas. MASE=0.13 supera naive seasonal.
253,Parkinson,Durango,hombres,2.4558,1.8545,61.523,0.905,0.421,0.1921,33.4568,0.0904,2.6825,2.1917,78.417,1.0307,3.3056,2.6966,83.9076,1.2682,DeepAR,DeepAR,DeepAR,DeepAR,4/4,DeepAR,DeepAR domina con RMSE 0.42 (vs Prophet 2.46). Gana en 4/4 metricas. MASE=0.09 supera naive seasonal.
254,Parkinson,Durango,mujeres,2.2724,1.6435,67.0143,0.8248,1.138,0.7085,59.7602,0.356,2.2072,1.7739,81.0668,0.8912,2.7766,2.2774,82.9877,1.1442,DeepAR,DeepAR,DeepAR,DeepAR,4/4,DeepAR,DeepAR domina con RMSE 1.14 (vs Ensemble 2.21). Gana en 4/4 metricas. MASE=0.36 supera naive seasonal.
255,Parkinson,Durango,general,4.1257,2.9928,51.0283,0.8311,0.8948,0.4374,19.923,0.119,4.1261,3.3323,69.2973,0.9064,6.2584,5.1482,79.4783,1.4004,DeepAR,DeepAR,DeepAR,DeepAR,4/4,DeepAR,DeepAR domina con RMSE 0.89 (vs Prophet 4.13). Gana en 4/4 metricas. MASE=0.12 supera naive seasonal.
256,Parkinson,Guanajuato,hombres,1.6211,1.3117,79.8221,0.8754,1.3664,0.7633,42.6874,0.4986,2.1178,1.4259,64.8194,0.9315,2.1553,1.4386,66.5857,0.9398,DeepAR,DeepAR,DeepAR,DeepAR,4/4,DeepAR,DeepAR domina con RMSE 1.37 (vs Prophet 1.62). Gana en 4/4 metricas. MASE=0.50 supera naive seasonal.
257,Parkinson,Guanajuato,mujeres,1.3827,1.0842,87.1439,0.8197,1.9078,1.3688,55.7326,1.0149,2.024,1.4388,63.0953,1.0668,2.1795,1.544,69.7266,1.1448,Prophet,Prophet,DeepAR,Prophet,3/4,Prophet,Prophet domina con RMSE 1.38 (vs DeepAR 1.91). Gana en 3/4 metricas. MASE=0.82 supera naive seasonal.
258,Parkinson,Guanajuato,general,2.291,1.8772,61.6609,0.7929,0.3713,0.187,3.7893,0.0779,3.1449,2.209,46.2081,0.9203,2.9568,2.0274,41.5025,0.8446,DeepAR,DeepAR,DeepAR,DeepAR,4/4,DeepAR,DeepAR domina con RMSE 0.37 (vs Prophet 2.29). Gana en 4/4 metricas. MASE=0.08 supera naive seasonal.
259,Parkinson,Guerrero,hombres,1.2731,0.9678,99.4728,0.7517,1.0454,0.6025,61.4902,0.4673,1.2109,0.9551,74.0727,0.7376,1.2972,1.0142,85.4536,0.7832,DeepAR,DeepAR,DeepAR,DeepAR,4/4,DeepAR,DeepAR domina con RMSE 1.05 (vs Ensemble 1.21). Gana en 4/4 metricas. MASE=0.47 supera naive seasonal.
260,Parkinson,Guerrero,mujeres,1.4601,1.0964,117.9316,0.7796,1.3828,0.8546,99.2153,0.6136,1.666,1.0898,94.1599,0.7761,1.8261,1.227,123.3498,0.8738,DeepAR,DeepAR,Ensemble,DeepAR,3/4,DeepAR,DeepAR domina con RMSE 1.38 (vs Prophet 1.46). Gana en 3/4 metricas. MASE=0.61 supera naive seasonal.
261,Parkinson,Guerrero,general,2.2717,1.7503,78.7668,0.8202,0.5993,0.3006,18.1372,0.1404,1.9016,1.5449,55.4361,0.7156,2.0569,1.5669,60.1082,0.7258,DeepAR,DeepAR,DeepAR,DeepAR,4/4,DeepAR,DeepAR domina con RMSE 0.60 (vs Ensemble 1.90). Gana en 4/4 metricas. MASE=0.14 supera naive seasonal.
262,Parkinson,Hidalgo,hombres,1.1092,0.8419,110.8825,0.6073,0.8191,0.5025,105.319,0.3812,1.0934,0.851,120.5991,0.6429,1.2515,0.8963,166.8627,0.6771,DeepAR,DeepAR,DeepAR,DeepAR,4/4,DeepAR,DeepAR domina con RMSE 0.82 (vs Ensemble 1.09). Gana en 4/4 metricas. MASE=0.38 supera naive seasonal.
263,Parkinson,Hidalgo,mujeres,1.2098,0.8155,138.5477,0.6969,0.9931,0.7326,131.0899,0.6504,1.1333,0.8942,119.2048,0.7898,1.3887,0.8571,200.0,0.7571,DeepAR,DeepAR,Ensemble,DeepAR,3/4,DeepAR,DeepAR domina con RMSE 0.99 (vs Ensemble 1.13). Gana en 3/4 metricas. MASE=0.65 supera naive seasonal.
264,Parkinson,Hidalgo,general,1.8542,1.2808,84.5792,0.6427,1.1683,0.825,72.197,0.4315,1.666,1.3296,86.7905,0.6913,1.7308,1.2823,90.807,0.6667,DeepAR,DeepAR,DeepAR,DeepAR,4/4,DeepAR,DeepAR domina con RMSE 1.17 (vs Ensemble 1.67). Gana en 4/4 metricas. MASE=0.43 supera naive seasonal.
265,Parkinson,Jalisco,hombres,4.8373,3.64,41.5391,0.8248,1.3024,0.7184,8.6495,0.1579,4.2637,3.4358,40.0945,0.7552,4.2299,3.165,37.9855,0.6956,DeepAR,DeepAR,DeepAR,DeepAR,4/4,DeepAR,DeepAR domina con RMSE 1.30 (vs Stacking 4.23). Gana en 4/4 metricas. MASE=0.16 supera naive seasonal.
266,Parkinson,Jalisco,mujeres,5.1969,4.035,51.7432,0.9686,1.1819,0.5738,6.536,0.1284,3.6602,2.9482,36.3709,0.6599,4.1645,3.202,40.7111,0.7167,DeepAR,DeepAR,DeepAR,DeepAR,4/4,DeepAR,DeepAR domina con RMSE 1.18 (vs Ensemble 3.66). Gana en 4/4 metricas. MASE=0.13 supera naive seasonal.
267,Parkinson,Jalisco,general,8.9056,6.9118,40.0663,0.9542,2.2256,0.9167,5.8461,0.1198,6.8407,5.3468,31.9234,0.6986,6.94,5.2764,32.6935,0.6894,DeepAR,DeepAR,DeepAR,DeepAR,4/4,DeepAR,DeepAR domina con RMSE 2.23 (vs Ensemble 6.84). Gana en 4/4 metricas. MASE=0.12 supera naive seasonal.
268,Parkinson,Michoacán,hombres,2.2297,1.7598,64.328,0.8814,1.0559,0.5663,23.3791,0.2742,2.6034,1.9292,63.5736,0.9342,2.5769,2.1082,66.3721,1.0208,DeepAR,DeepAR,DeepAR,DeepAR,4/4,DeepAR,DeepAR domina con RMSE 1.06 (vs Prophet 2.23). Gana en 4/4 metricas. MASE=0.27 supera naive seasonal.
269,Parkinson,Michoacán,mujeres,2.0907,1.7004,68.6838,0.9005,0.7626,0.3903,18.93,0.2062,2.2808,1.7189,67.0821,0.9063,2.5906,2.151,67.6174,1.1342,DeepAR,DeepAR,DeepAR,DeepAR,4/4,DeepAR,DeepAR domina con RMSE 0.76 (vs Prophet 2.09). Gana en 4/4 metricas. MASE=0.21 supera naive seasonal.
270,Parkinson,Michoacán,general,3.4355,2.7685,49.5626,0.8893,0.7439,0.4594,8.9447,0.1434,4.2121,3.1979,53.3083,0.9984,5.082,4.5172,64.1557,1.4103,DeepAR,DeepAR,DeepAR,DeepAR,4/4,DeepAR,DeepAR domina con RMSE 0.74 (vs Prophet 3.44). Gana en 4/4 metricas. MASE=0.14 supera naive seasonal.
271,Parkinson,Morelos,hombres,2.0028,1.627,60.7792,0.7515,0.381,0.2291,27.0992,0.1058,2.11,1.8404,66.0407,0.8502,2.0178,1.7126,65.2595,0.7911,DeepAR,DeepAR,DeepAR,DeepAR,4/4,DeepAR,DeepAR domina con RMSE 0.38 (vs Prophet 2.00). Gana en 4/4 metricas. MASE=0.11 supera naive seasonal.
272,Parkinson,Morelos,mujeres,2.1749,1.6491,78.8392,0.606,1.4675,0.689,35.5237,0.2684,2.4601,1.8101,68.2283,0.7051,2.4009,1.7208,67.6091,0.6703,DeepAR,DeepAR,DeepAR,DeepAR,4/4,DeepAR,DeepAR domina con RMSE 1.47 (vs Prophet 2.17). Gana en 4/4 metricas. MASE=0.27 supera naive seasonal.
273,Parkinson,Morelos,general,3.4059,2.8074,52.066,0.6636,1.6122,0.7063,15.1568,0.1754,3.8324,3.1542,57.1291,0.7833,3.7721,3.0219,56.9015,0.7504,DeepAR,DeepAR,DeepAR,DeepAR,4/4,DeepAR,DeepAR domina con RMSE 1.61 (vs Prophet 3.41). Gana en 4/4 metricas. MASE=0.18 supera naive seasonal.
274,Parkinson,México,hombres,5.2709,4.2655,66.3664,1.1985,0.6475,0.324,11.1031,0.0832,2.5547,2.0856,53.5826,0.5345,2.6528,2.0662,57.3659,0.5295,DeepAR,DeepAR,DeepAR,DeepAR,4/4,DeepAR,DeepAR domina con RMSE 0.65 (vs Ensemble 2.55). Gana en 4/4 metricas. MASE=0.08 supera naive seasonal.
275,Parkinson,México,mujeres,4.7441,3.7226,67.2742,1.331,0.366,0.1796,6.3598,0.0566,2.7375,2.1694,58.6372,0.6818,2.5867,1.9978,51.2059,0.6278,DeepAR,DeepAR,DeepAR,DeepAR,4/4,DeepAR,DeepAR domina con RMSE 0.37 (vs Stacking 2.59). Gana en 4/4 metricas. MASE=0.06 supera naive seasonal.
276,Parkinson,México,general,9.3228,7.6356,60.7722,1.4583,0.6172,0.3911,5.8649,0.0657,3.5121,2.7946,34.6276,0.4682,3.8401,2.9884,37.7088,0.5006,DeepAR,DeepAR,DeepAR,DeepAR,4/4,DeepAR,DeepAR domina con RMSE 0.62 (vs Ensemble 3.51). Gana en 4/4 metricas. MASE=0.07 supera naive seasonal.
277,Parkinson,Nayarit,hombres,1.0917,0.8606,123.8215,0.7316,0.5065,0.2772,145.7905,0.2334,0.8531,0.7472,154.6535,0.6291,0.8733,0.5999,179.8083,0.5051,DeepAR,DeepAR,Prophet,DeepAR,3/4,DeepAR,DeepAR domina con RMSE 0.51 (vs Ensemble 0.85). Gana en 3/4 metricas. MASE=0.23 supera naive seasonal.
278,Parkinson,Nayarit,mujeres,0.9467,0.786,142.0846,0.7434,0.5748,0.2562,186.6221,0.2444,0.7364,0.621,170.6912,0.5926,0.7388,0.3534,199.2621,0.3373,DeepAR,DeepAR,Prophet,DeepAR,3/4,DeepAR,DeepAR domina con RMSE 0.57 (vs Ensemble 0.74). Gana en 3/4 metricas. MASE=0.24 supera naive seasonal. Serie de bajo volumen.
279,Parkinson,Nayarit,general,1.6857,1.3272,99.3707,0.7384,0.6803,0.3674,118.1999,0.2021,1.3441,1.1295,125.5709,0.6213,1.2619,0.9451,130.8131,0.5199,DeepAR,DeepAR,Prophet,DeepAR,3/4,DeepAR,DeepAR domina con RMSE 0.68 (vs Stacking 1.26). Gana en 3/4 metricas. MASE=0.20 supera naive seasonal.
280,Parkinson,Nuevo León,hombres,1.8711,1.4342,59.1205,0.6258,0.6138,0.3549,27.3316,0.1573,1.7826,1.4587,55.9133,0.6426,1.7129,1.3442,53.7255,0.5921,DeepAR,DeepAR,DeepAR,DeepAR,4/4,DeepAR,DeepAR domina con RMSE 0.61 (vs Stacking 1.71). Gana en 4/4 metricas. MASE=0.16 supera naive seasonal.
281,Parkinson,Nuevo León,mujeres,1.5972,1.2128,70.9251,0.5346,1.3115,0.9409,64.8341,0.4366,1.9472,1.5359,76.0059,0.7127,2.1428,1.523,95.4081,0.7067,DeepAR,DeepAR,DeepAR,DeepAR,4/4,DeepAR,DeepAR domina con RMSE 1.31 (vs Prophet 1.60). Gana en 4/4 metricas. MASE=0.44 supera naive seasonal.
282,Parkinson,Nuevo León,general,2.6854,2.0343,44.911,0.5488,1.0019,0.4468,20.5206,0.126,2.8414,2.1442,48.0964,0.6024,2.6908,2.0565,46.2279,0.5778,DeepAR,DeepAR,DeepAR,DeepAR,4/4,DeepAR,DeepAR domina con RMSE 1.00 (vs Prophet 2.69). Gana en 4/4 metricas. MASE=0.13 supera naive seasonal.
283,Parkinson,Oaxaca,hombres,1.5176,1.2517,84.8841,0.6906,0.3967,0.1696,47.8904,0.0938,1.6164,1.1896,79.2631,0.6578,1.5432,1.1199,94.0664,0.6192,DeepAR,DeepAR,DeepAR,DeepAR,4/4,DeepAR,DeepAR domina con RMSE 0.40 (vs Prophet 1.52). Gana en 4/4 metricas. MASE=0.09 supera naive seasonal.
284,Parkinson,Oaxaca,mujeres,1.3629,1.0409,94.6696,0.6257,0.6957,0.3082,46.8155,0.1922,1.2347,0.9972,82.2878,0.6219,1.5511,1.2428,114.1753,0.7751,DeepAR,DeepAR,DeepAR,DeepAR,4/4,DeepAR,DeepAR domina con RMSE 0.70 (vs Ensemble 1.23). Gana en 4/4 metricas. MASE=0.19 supera naive seasonal.
285,Parkinson,Oaxaca,general,2.3631,1.8596,67.4288,0.6653,0.3103,0.1738,12.6255,0.0629,2.0773,1.5458,53.7066,0.56,2.3832,1.7799,65.3772,0.6448,DeepAR,DeepAR,DeepAR,DeepAR,4/4,DeepAR,DeepAR domina con RMSE 0.31 (vs Ensemble 2.08). Gana en 4/4 metricas. MASE=0.06 supera naive seasonal.
286,Parkinson,Puebla,hombres,7.1228,4.7665,110.5056,1.0941,6.1516,2.3176,57.702,0.5122,6.4513,4.344,94.9395,0.96,6.8562,5.4279,106.2985,1.1996,DeepAR,DeepAR,DeepAR,DeepAR,4/4,DeepAR,"DeepAR gana por margen minimo (RMSE 6.15 vs Ensemble 6.45, -4.6%). Gana en 4/4 metricas. MASE=0.51 supera naive seasonal."
287,Parkinson,Puebla,mujeres,6.4061,4.5567,117.0799,1.0034,10.8807,4.4731,71.2445,0.9753,12.7627,6.8757,111.4232,1.4961,12.5183,7.7402,116.3827,1.6842,Prophet,DeepAR,DeepAR,DeepAR,1/4,Prophet,Prophet domina con RMSE 6.41 (vs DeepAR 10.88).
288,Parkinson,Puebla,general,13.2481,8.6892,104.2967,1.0577,15.4817,7.0434,52.6813,0.8309,16.6219,10.9665,99.7997,1.2937,17.0045,13.6849,112.4592,1.6144,Prophet,DeepAR,DeepAR,DeepAR,1/4,Prophet,Prophet domina con RMSE 13.25 (vs DeepAR 15.48).
289,Parkinson,Querétaro,hombres,0.7444,0.6527,147.118,0.786,0.6063,0.489,152.7609,0.6122,0.6104,0.5304,142.5497,0.6639,0.7559,0.4643,200.0,0.5812,DeepAR,Stacking,Ensemble,Stacking,1/4,DeepAR,"DeepAR gana por margen minimo (RMSE 0.61 vs Ensemble 0.61, -0.7%). MASE=0.61 supera naive seasonal. Serie de bajo volumen."
290,Parkinson,Querétaro,mujeres,0.7085,0.5405,160.6801,0.8844,0.8237,0.4649,182.5125,0.7607,0.7323,0.5726,165.3439,0.9369,0.8452,0.4643,200.0,0.7597,Prophet,Stacking,Prophet,Stacking,2/4,Prophet,"Prophet gana por margen minimo (RMSE 0.71 vs Ensemble 0.73, -3.2%). Gana en 2/4 metricas. MASE=0.88 supera naive seasonal. Serie de bajo volumen."
291,Parkinson,Querétaro,general,0.9717,0.7646,111.4006,0.6309,0.7693,0.4694,103.2554,0.4181,1.0576,0.8852,109.3106,0.7885,1.2934,0.9066,177.3024,0.8076,DeepAR,DeepAR,DeepAR,DeepAR,4/4,DeepAR,DeepAR domina con RMSE 0.77 (vs Prophet 0.97). Gana en 4/4 metricas. MASE=0.42 supera naive seasonal.
292,Parkinson,Quintana Roo,hombres,0.9386,0.707,135.0741,0.8827,1.2852,0.8777,174.8171,1.0532,1.3462,0.9656,127.4855,1.1587,1.5785,1.0592,177.8116,1.271,Prophet,Prophet,Ensemble,Prophet,3/4,Prophet,Prophet domina con RMSE 0.94 (vs DeepAR 1.29). Gana en 3/4 metricas. MASE=0.88 supera naive seasonal.
293,Parkinson,Quintana Roo,mujeres,1.0145,0.765,149.4143,0.885,1.4596,1.0385,139.4505,1.1784,1.5512,1.1165,118.2855,1.267,1.8644,1.2541,183.3743,1.4231,Prophet,Prophet,Ensemble,Prophet,3/4,Prophet,Prophet domina con RMSE 1.01 (vs DeepAR 1.46). Gana en 3/4 metricas. MASE=0.89 supera naive seasonal.
294,Parkinson,Quintana Roo,general,1.4592,1.0335,89.0691,0.7559,1.3056,0.8755,58.3592,0.6218,2.2576,1.5918,78.1861,1.1305,2.4043,1.5982,80.2421,1.1351,DeepAR,DeepAR,DeepAR,DeepAR,4/4,DeepAR,DeepAR domina con RMSE 1.31 (vs Prophet 1.46). Gana en 4/4 metricas. MASE=0.62 supera naive seasonal.
295,Parkinson,San Luis Potosí,hombres,1.5347,1.1809,84.6413,0.7612,0.4073,0.1747,68.5654,0.1139,1.4451,1.2559,97.2769,0.8184,1.3516,1.1137,93.9166,0.7258,DeepAR,DeepAR,DeepAR,DeepAR,4/4,DeepAR,DeepAR domina con RMSE 0.41 (vs Stacking 1.35). Gana en 4/4 metricas. MASE=0.11 supera naive seasonal.
296,Parkinson,San Luis Potosí,mujeres,1.4352,1.1401,96.1943,0.6573,0.3349,0.1301,98.1036,0.0771,1.517,1.2939,114.5471,0.7666,0.9301,0.7749,122.1817,0.4591,DeepAR,DeepAR,Prophet,DeepAR,3/4,DeepAR,DeepAR domina con RMSE 0.33 (vs Stacking 0.93). Gana en 3/4 metricas. MASE=0.08 supera naive seasonal.
297,Parkinson,San Luis Potosí,general,2.394,1.8569,65.3955,0.6772,0.824,0.4445,38.0751,0.165,1.9193,1.6951,78.3349,0.6293,1.8754,1.6063,76.5884,0.5964,DeepAR,DeepAR,DeepAR,DeepAR,4/4,DeepAR,DeepAR domina con RMSE 0.82 (vs Stacking 1.88). Gana en 4/4 metricas. MASE=0.17 supera naive seasonal.
298,Parkinson,Sinaloa,hombres,2.2276,1.776,41.9238,0.5689,0.2874,0.1639,7.2024,0.0554,2.7626,1.946,37.8935,0.6592,2.8306,2.0625,40.8346,0.6987,DeepAR,DeepAR,DeepAR,DeepAR,4/4,DeepAR,DeepAR domina con RMSE 0.29 (vs Prophet 2.23). Gana en 4/4 metricas. MASE=0.06 supera naive seasonal.
299,Parkinson,Sinaloa,mujeres,2.6355,2.0819,51.0991,0.6351,0.6161,0.2932,9.2952,0.0928,2.4521,1.9266,43.5869,0.6099,2.4562,1.9384,44.6429,0.6136,DeepAR,DeepAR,DeepAR,DeepAR,4/4,DeepAR,DeepAR domina con RMSE 0.62 (vs Ensemble 2.45). Gana en 4/4 metricas. MASE=0.09 supera naive seasonal.
300,Parkinson,Sinaloa,general,3.8849,3.0927,35.6407,0.563,0.3532,0.2086,2.7603,0.0405,3.9787,3.1197,32.5025,0.6067,3.9868,3.1422,32.8038,0.6111,DeepAR,DeepAR,DeepAR,DeepAR,4/4,DeepAR,DeepAR domina con RMSE 0.35 (vs Prophet 3.88). Gana en 4/4 metricas. MASE=0.04 supera naive seasonal.
301,Parkinson,Sonora,hombres,1.5428,1.2466,77.7236,0.6722,1.1372,0.4833,50.5863,0.2631,2.3806,1.7483,97.7861,0.9516,2.2725,1.4641,87.6776,0.7969,DeepAR,DeepAR,DeepAR,DeepAR,4/4,DeepAR,DeepAR domina con RMSE 1.14 (vs Prophet 1.54). Gana en 4/4 metricas. MASE=0.26 supera naive seasonal.
302,Parkinson,Sonora,mujeres,1.2736,0.99,98.5705,0.5764,0.8848,0.5103,88.658,0.3164,1.5455,1.2817,94.6393,0.7946,1.5388,1.1403,116.3221,0.7069,DeepAR,DeepAR,DeepAR,DeepAR,4/4,DeepAR,DeepAR domina con RMSE 0.88 (vs Prophet 1.27). Gana en 4/4 metricas. MASE=0.32 supera naive seasonal.
303,Parkinson,Sonora,general,1.9886,1.5676,55.6891,0.5389,1.9,0.7926,32.7219,0.2883,3.1612,2.2395,72.9325,0.8146,3.1844,2.2067,72.0038,0.8027,DeepAR,DeepAR,DeepAR,DeepAR,4/4,DeepAR,"DeepAR gana por margen minimo (RMSE 1.90 vs Prophet 1.99, -4.5%). Gana en 4/4 metricas. MASE=0.29 supera naive seasonal."
304,Parkinson,Tabasco,hombres,1.8621,1.3978,83.9479,1.0355,0.6503,0.3786,66.5038,0.255,1.2546,1.056,85.2162,0.7112,1.2608,1.0633,83.8286,0.7162,DeepAR,DeepAR,DeepAR,DeepAR,4/4,DeepAR,DeepAR domina con RMSE 0.65 (vs Ensemble 1.25). Gana en 4/4 metricas. MASE=0.25 supera naive seasonal.
305,Parkinson,Tabasco,mujeres,1.5004,1.2523,98.7623,1.1778,1.0749,0.8451,93.0241,0.7104,1.2922,1.0429,85.3421,0.8767,1.2803,1.0166,96.6834,0.8545,DeepAR,DeepAR,Ensemble,DeepAR,3/4,DeepAR,DeepAR domina con RMSE 1.07 (vs Stacking 1.28). Gana en 3/4 metricas. MASE=0.71 supera naive seasonal.
306,Parkinson,Tabasco,general,2.9218,2.2309,69.5245,1.1604,0.1225,0.0859,25.5976,0.0402,1.8686,1.4381,60.3282,0.6727,2.0573,1.6511,62.7877,0.7723,DeepAR,DeepAR,DeepAR,DeepAR,4/4,DeepAR,DeepAR domina con RMSE 0.12 (vs Ensemble 1.87). Gana en 4/4 metricas. MASE=0.04 supera naive seasonal.
307,Parkinson,Tamaulipas,hombres,2.457,1.921,57.6965,0.8346,0.826,0.2166,5.8673,0.093,2.506,2.1345,53.921,0.917,2.9905,2.7026,62.0282,1.1611,DeepAR,DeepAR,DeepAR,DeepAR,4/4,DeepAR,DeepAR domina con RMSE 0.83 (vs Prophet 2.46). Gana en 4/4 metricas. MASE=0.09 supera naive seasonal.
308,Parkinson,Tamaulipas,mujeres,3.6788,1.8705,61.1116,0.9065,1.1443,0.5626,25.8597,0.2464,2.2748,1.8192,53.9455,0.7967,2.2292,1.7175,53.4683,0.7521,DeepAR,DeepAR,DeepAR,DeepAR,4/4,DeepAR,DeepAR domina con RMSE 1.14 (vs Stacking 2.23). Gana en 4/4 metricas. MASE=0.25 supera naive seasonal.
309,Parkinson,Tamaulipas,general,4.9631,2.9364,42.7435,0.8472,1.9287,0.8878,14.5439,0.2459,4.0381,3.1869,42.0464,0.8825,4.37,3.691,46.7886,1.0221,DeepAR,DeepAR,DeepAR,DeepAR,4/4,DeepAR,DeepAR domina con RMSE 1.93 (vs Ensemble 4.04). Gana en 4/4 metricas. MASE=0.25 supera naive seasonal.
310,Parkinson,Tlaxcala,hombres,0.7914,0.6691,139.2345,0.761,0.5828,0.2762,192.9651,0.3262,0.7307,0.6051,170.658,0.7146,0.5825,0.2321,200.0,0.2742,Stacking,Stacking,Prophet,Stacking,3/4,Stacking,"Stacking gana por margen minimo (RMSE 0.58 vs DeepAR 0.58, -0.1%). Gana en 3/4 metricas. MASE=0.27 supera naive seasonal. Serie de bajo volumen."
311,Parkinson,Tlaxcala,mujeres,0.9995,0.7426,148.0628,0.9184,0.6779,0.3319,163.6649,0.4039,0.8329,0.7289,159.8242,0.8869,0.7943,0.3636,198.7938,0.4425,DeepAR,DeepAR,Prophet,DeepAR,3/4,DeepAR,DeepAR domina con RMSE 0.68 (vs Stacking 0.79). Gana en 3/4 metricas. MASE=0.40 supera naive seasonal. Serie de bajo volumen.
312,Parkinson,Tlaxcala,general,1.4261,1.0654,105.0502,0.7731,0.4895,0.2031,121.5942,0.1471,1.172,0.9984,127.8709,0.7228,0.8375,0.6204,141.8536,0.4492,DeepAR,DeepAR,Prophet,DeepAR,3/4,DeepAR,DeepAR domina con RMSE 0.49 (vs Stacking 0.84). Gana en 3/4 metricas. MASE=0.15 supera naive seasonal.
313,Parkinson,Veracruz,hombres,3.227,2.6424,35.1701,0.751,0.4831,0.2649,5.0816,0.0754,3.3935,2.9152,37.0142,0.8302,3.2921,2.7539,35.3332,0.7843,DeepAR,DeepAR,DeepAR,DeepAR,4/4,DeepAR,DeepAR domina con RMSE 0.48 (vs Prophet 3.23). Gana en 4/4 metricas. MASE=0.08 supera naive seasonal.
314,Parkinson,Veracruz,mujeres,3.1265,2.5195,41.3296,0.7878,1.5821,0.7907,14.884,0.2409,2.787,2.1484,35.138,0.6547,2.7063,2.0974,34.2612,0.6391,DeepAR,DeepAR,DeepAR,DeepAR,4/4,DeepAR,DeepAR domina con RMSE 1.58 (vs Stacking 2.71). Gana en 4/4 metricas. MASE=0.24 supera naive seasonal.
315,Parkinson,Veracruz,general,4.7968,3.9324,28.4352,0.7098,0.9129,0.3905,3.3219,0.0714,4.8583,4.0589,28.698,0.7424,4.69,3.921,27.7688,0.7172,DeepAR,DeepAR,DeepAR,DeepAR,4/4,DeepAR,DeepAR domina con RMSE 0.91 (vs Stacking 4.69). Gana en 4/4 metricas. MASE=0.07 supera naive seasonal.
316,Parkinson,Yucatán,hombres,1.4605,1.1194,89.7132,1.0301,1.4477,0.9367,61.1016,0.8056,1.7976,1.3885,77.6815,1.1941,2.1481,1.5625,95.8947,1.3437,DeepAR,DeepAR,DeepAR,DeepAR,4/4,DeepAR,"DeepAR gana por margen minimo (RMSE 1.45 vs Prophet 1.46, -0.9%). Gana en 4/4 metricas. MASE=0.81 supera naive seasonal."
317,Parkinson,Yucatán,mujeres,1.4672,1.0542,97.6187,0.9834,1.0459,0.5283,61.2323,0.4514,1.6345,1.1493,81.7399,0.9819,1.7666,1.169,90.711,0.9988,DeepAR,DeepAR,DeepAR,DeepAR,4/4,DeepAR,DeepAR domina con RMSE 1.05 (vs Prophet 1.47). Gana en 4/4 metricas. MASE=0.45 supera naive seasonal.
318,Parkinson,Yucatán,general,2.3784,1.7423,64.6924,0.9937,1.0411,0.4975,22.0076,0.2607,2.6283,1.8942,54.6483,0.9928,2.8587,2.034,60.7402,1.066,DeepAR,DeepAR,DeepAR,DeepAR,4/4,DeepAR,DeepAR domina con RMSE 1.04 (vs Prophet 2.38). Gana en 4/4 metricas. MASE=0.26 supera naive seasonal.
319,Parkinson,Zacatecas,hombres,0.6764,0.5424,168.1773,0.8478,0.7712,0.441,186.2245,0.6892,0.7019,0.5327,169.6006,0.8326,0.7906,0.4107,200.0,0.6419,Prophet,Stacking,Prophet,Stacking,0/4,Ensemble,Ensemble elegido por desempate MASE/MAE (RMSE 0.70 vs Prophet 0.68). MASE=0.83 supera naive seasonal. Serie de bajo volumen.
320,Parkinson,Zacatecas,mujeres,0.7658,0.61,163.378,1.1663,0.8584,0.5214,192.0254,0.997,0.7908,0.604,170.568,1.155,0.9161,0.5536,200.0,1.0585,Prophet,DeepAR,Prophet,DeepAR,0/4,Ensemble,Ensemble elegido por desempate MASE/MAE (RMSE 0.79 vs Prophet 0.77). Serie de bajo volumen.
321,Parkinson,Zacatecas,general,0.845,0.7016,152.1258,0.6292,1.3945,0.873,175.0951,0.8518,1.2005,0.8804,122.1043,0.859,1.4776,0.9622,193.853,0.9388,Prophet,Prophet,Ensemble,Prophet,3/4,Prophet,Prophet domina con RMSE 0.84 (vs Ensemble 1.20). Gana en 3/4 metricas. MASE=0.63 supera naive seasonal. Serie de bajo volumen.
322,Parkinson,region_Metropolitana alta,hombres,10.3557,8.2747,36.4707,0.7281,4.2856,3.357,19.756,0.3009,9.0548,7.9419,38.6301,0.7119,5.0985,4.1288,23.1253,0.3701,DeepAR,DeepAR,DeepAR,DeepAR,4/4,DeepAR,DeepAR domina con RMSE 4.29 (vs Stacking 5.10). Gana en 4/4 metricas. MASE=0.30 supera naive seasonal.
323,Parkinson,region_Metropolitana alta,mujeres,10.4418,8.4179,43.4483,0.7975,4.4334,3.6005,21.8988,0.3433,5.389,4.3729,26.2903,0.4169,5.5633,4.3436,27.2239,0.4141,DeepAR,DeepAR,DeepAR,DeepAR,4/4,DeepAR,DeepAR domina con RMSE 4.43 (vs Ensemble 5.39). Gana en 4/4 metricas. MASE=0.34 supera naive seasonal.
324,Parkinson,region_Metropolitana alta,general,19.0251,15.2683,35.3951,0.7523,6.4446,4.6847,13.924,0.2343,9.2252,7.6734,21.6727,0.3838,8.2719,6.6458,19.7732,0.3324,DeepAR,DeepAR,DeepAR,DeepAR,4/4,DeepAR,DeepAR domina con RMSE 6.44 (vs Stacking 8.27). Gana en 4/4 metricas. MASE=0.23 supera naive seasonal.
325,Parkinson,region_Rural / dispersa,hombres,9.4914,6.715,33.2657,0.8346,7.6498,5.0152,26.8272,0.6248,8.543,6.5147,33.7707,0.8116,8.3162,6.2785,32.897,0.7822,DeepAR,DeepAR,DeepAR,DeepAR,4/4,DeepAR,DeepAR domina con RMSE 7.65 (vs Stacking 8.32). Gana en 4/4 metricas. MASE=0.62 supera naive seasonal.
326,Parkinson,region_Rural / dispersa,mujeres,9.1256,6.9633,40.978,0.9039,11.6566,7.268,37.31,0.9523,13.2892,8.47,41.8219,1.1098,13.3417,10.108,49.1219,1.3244,Prophet,Prophet,DeepAR,Prophet,3/4,Prophet,Prophet domina con RMSE 9.13 (vs DeepAR 11.66). Gana en 3/4 metricas. MASE=0.90 supera naive seasonal.
327,Parkinson,region_Rural / dispersa,general,17.4346,12.6632,33.4397,0.9129,16.6814,11.2152,28.6392,0.8109,18.5425,14.1185,36.2418,1.0208,19.1252,15.7689,39.7251,1.1401,DeepAR,DeepAR,DeepAR,DeepAR,4/4,DeepAR,"DeepAR gana por margen minimo (RMSE 16.68 vs Prophet 17.43, -4.3%). Gana en 4/4 metricas. MASE=0.81 supera naive seasonal."
328,Parkinson,region_Sur-Sureste vulnerable,hombres,4.3145,3.5481,43.8285,0.8985,1.9912,1.0223,11.1468,0.2468,4.1518,3.2814,34.9423,0.7915,4.2907,3.2245,33.997,0.7778,DeepAR,DeepAR,DeepAR,DeepAR,4/4,DeepAR,DeepAR domina con RMSE 1.99 (vs Ensemble 4.15). Gana en 4/4 metricas. MASE=0.25 supera naive seasonal.
329,Parkinson,region_Sur-Sureste vulnerable,mujeres,3.3882,2.7431,41.7503,0.818,0.4023,0.1905,2.5841,0.056,4.16,2.8559,34.9833,0.8408,4.0073,2.6378,32.2881,0.7766,DeepAR,DeepAR,DeepAR,DeepAR,4/4,DeepAR,DeepAR domina con RMSE 0.40 (vs Prophet 3.39). Gana en 4/4 metricas. MASE=0.06 supera naive seasonal.
330,Parkinson,region_Sur-Sureste vulnerable,general,6.4618,5.2245,34.3588,0.8481,1.3612,0.6725,4.2102,0.1048,7.7784,5.5981,32.2551,0.872,7.5625,5.233,29.7432,0.8152,DeepAR,DeepAR,DeepAR,DeepAR,4/4,DeepAR,DeepAR domina con RMSE 1.36 (vs Prophet 6.46). Gana en 4/4 metricas. MASE=0.10 supera naive seasonal.
331,Parkinson,region_Urbana media,hombres,9.9888,8.1299,23.6729,0.7525,3.7883,1.6466,6.0922,0.1543,9.3562,6.8939,21.3334,0.6458,9.6539,7.5453,22.8662,0.7069,DeepAR,DeepAR,DeepAR,DeepAR,4/4,DeepAR,DeepAR domina con RMSE 3.79 (vs Ensemble 9.36). Gana en 4/4 metricas. MASE=0.15 supera naive seasonal.
332,Parkinson,region_Urbana media,mujeres,9.3418,7.2792,25.0045,0.6265,0.873,0.5282,1.9548,0.047,5.9076,4.7287,15.7433,0.4208,5.7178,4.378,14.6894,0.3896,DeepAR,DeepAR,DeepAR,DeepAR,4/4,DeepAR,DeepAR domina con RMSE 0.87 (vs Stacking 5.72). Gana en 4/4 metricas. MASE=0.05 supera naive seasonal.
333,Parkinson,region_Urbana media,general,16.1498,12.8218,20.4062,0.6352,6.741,3.5614,6.3382,0.1827,14.2055,11.249,17.8646,0.5769,12.3526,9.3199,15.027,0.478,DeepAR,DeepAR,DeepAR,DeepAR,4/4,DeepAR,DeepAR domina con RMSE 6.74 (vs Stacking 12.35). Gana en 4/4 metricas. MASE=0.18 supera naive seasonal.
